id,rt,mz,compound_name,adduct,cosine_score,mol_formula,smiles,datafile:neg_hela_LG1_O3.mzML:area,datafile:neg_hela_LG5_O3.mzML:area,datafile:neg_hela_HG3_O3.mzML:area,datafile:neg_hela_HG6_O3.mzML:area,datafile:neg_hela_LG2_O3.mzML:area,datafile:neg_hela_LG3_O3.mzML:area,datafile:neg_hela_LG6_O3.mzML:area,datafile:neg_hela_S4_O3.mzML:area,datafile:neg_hela_LG4_O3.mzML:area,datafile:neg_hela_HG1_O3.mzML:area,datafile:neg_hela_HG5_O3.mzML:area,datafile:neg_hela_HG2_O3.mzML:area,datafile:neg_hela_S2_O3.mzML:area,datafile:neg_hela_S1_O3.mzML:area,datafile:neg_hela_HG4_O3.mzML:area,datafile:neg_hela_S3_O3.mzML:area,datafile:neg_hela_S6_O3.mzML:area,datafile:neg_hela_S5_O3.mzML:area,chain_shorthand,db_shorthand,lipid_name,name,score
2250,4.686,865.50242,PG 22:6_22:6,[M-H]-,0.97,C50H75O10P,CC\C=C/C\C=C/C\C=C/C\C=C/C\C=C/C\C=C/CCC(=O)OCC(COP(O)(=O)OCC(O)CO)OC(=O)CC\C=C/C\C=C/C\C=C/C\C=C/C\C=C/C\C=C/CC,0.0,0.0,0.0,11590.0,0.0,0.0,0.0,0.0,0.0,0.0,0.0,0.0,0.0,13490.0,0.0,0.0,0.0,0.0,PG(22:6_22:6),"PG(22:6(4,7,10,13,16,19)_22:6(4,7,10,13,16,19))","PG(22:6(4,7,10,13,16,19)_22:6(4,7,10,13,16,19))","PG(22:6(4,7,10,13,16,19)_22:6(4,7,10,13,16,19))",0.2296153846153845
2344,4.809,865.50239,PG 22:6_22:6,[M-H]-,0.97,C50H75O10P,CC\C=C/C\C=C/C\C=C/C\C=C/C\C=C/C\C=C/CCC(=O)OCC(COP(O)(=O)OCC(O)CO)OC(=O)CC\C=C/C\C=C/C\C=C/C\C=C/C\C=C/C\C=C/CC,0.0,4767.0,18350.0,26550.0,8947.0,0.0,0.0,62670.0,0.0,33100.0,33480.0,46790.0,65440.0,52040.0,37350.0,67730.0,48280.0,60380.0,PG(22:6_22:6),"PG(22:6(4,7,10,13,16,19)_22:6(4,7,10,13,16,19))","PG(22:6(4,7,10,13,16,19)_22:6(4,7,10,13,16,19))","PG(22:6(4,7,10,13,16,19)_22:6(4,7,10,13,16,19))",0.27542307692307677
2361,4.872,717.47056,PG 16:1_16:1,[M-H]-,0.97,C38H71O10P,CCCCCC\C=C/CCCCCCCC(=O)OCC(COP(O)(=O)OCC(O)CO)OC(=O)CCCCCCC\C=C/CCCCCC,0.0,0.0,0.0,0.0,6157.0,0.0,0.0,0.0,0.0,0.0,0.0,0.0,0.0,0.0,0.0,0.0,0.0,0.0,PG(16:1_16:1),PG(16:1(9)_16:1(9)),PG(16:1(9)_16:1(9)),PG(16:1(9)_16:1(9)),0.20416666666666675
2372,4.9,791.4867,PG 16:1_22:6,[M-H]-,0.94,C44H73O10P,CCCCCC\C=C/CCCCCCCC(=O)OCC(COP(O)(=O)OCC(O)CO)OC(=O)CC\C=C/C\C=C/C\C=C/C\C=C/C\C=C/C\C=C/CC,0.0,15410.0,0.0,0.0,12420.0,8506.0,7649.0,22400.0,9483.0,0.0,0.0,16400.0,23940.0,0.0,0.0,24440.0,15540.0,20240.0,PG(16:1_22:6),"PG(16:1(9)_22:6(4,7,10,13,16,19))","PG(16:1(9)_22:6(4,7,10,13,16,19))","PG(16:1(9)_22:6(4,7,10,13,16,19))",0.15946666666666667
2373,4.902,691.45454,PG 14:0_16:1,[M-H]-,0.91,C36H69O10P,CCCCCCCCCCCCCC(=O)OCC(COP(O)(=O)OCC(O)CO)OC(=O)CCCCCCC\C=C/CCCCCC,0.0,0.0,0.0,0.0,0.0,0.0,5548.0,0.0,0.0,0.0,0.0,0.0,0.0,0.0,0.0,0.0,0.0,0.0,PG(14:0_16:1),PG(14:0_16:1(9)),PG(14:0_16:1(9)),PG(14:0_16:1(9)),0.0
2420,4.99,717.47084,PG 16:1_16:1,[M-H]-,0.97,C38H71O10P,CCCCCC\C=C/CCCCCCCC(=O)OCC(COP(O)(=O)OCC(O)CO)OC(=O)CCCCCCC\C=C/CCCCCC,0.0,45220.0,0.0,0.0,18820.0,41780.0,50350.0,0.0,38170.0,0.0,0.0,4937.0,6862.0,0.0,0.0,2760.0,3427.0,4268.0,PG(16:1_16:1),PG(16:1(9)_16:1(9)),PG(16:1(9)_16:1(9)),PG(16:1(9)_16:1(9)),0.2715000000000001
2441,5.056,743.48637,PG 16:1_18:2,[M-H]-,0.93,C40H73O10P,CCCCCC\C=C/CCCCCCCC(=O)OCC(COP(O)(=O)OCC(O)CO)OC(=O)CCCCCCC\C=C/C\C=C/CCCCC,0.0,0.0,0.0,0.0,3094.0,0.0,0.0,0.0,0.0,0.0,0.0,0.0,0.0,0.0,0.0,0.0,0.0,0.0,PG(16:1_18:2),"PG(16:1(9)_18:2(9,12))","PG(16:1(9)_18:2(9,12))","PG(16:1(9)_18:2(9,12))",0.34085714285714286
2466,5.097,865.50214,PG 22:6_22:6,[M-H]-,0.97,C50H75O10P,CC\C=C/C\C=C/C\C=C/C\C=C/C\C=C/C\C=C/CCC(=O)OCC(COP(O)(=O)OCC(O)CO)OC(=O)CC\C=C/C\C=C/C\C=C/C\C=C/C\C=C/C\C=C/CC,0.0,0.0,0.0,0.0,0.0,0.0,0.0,0.0,0.0,89960.0,0.0,0.0,0.0,0.0,0.0,0.0,0.0,0.0,PG(22:6_22:6),"PG(22:6(4,7,10,13,16,19)_22:6(4,7,10,13,16,19))","PG(22:6(4,7,10,13,16,19)_22:6(4,7,10,13,16,19))","PG(22:6(4,7,10,13,16,19)_22:6(4,7,10,13,16,19))",0.2685384615384615
2566,5.173,743.48668,PG 16:1_18:2,[M-H]-,0.99,C40H73O10P,CCCCCC\C=C/CCCCCCCC(=O)OCC(COP(O)(=O)OCC(O)CO)OC(=O)CCCCCCC\C=C/C\C=C/CCCCC,0.0,25050.0,0.0,0.0,23120.0,32280.0,48770.0,0.0,34750.0,0.0,0.0,0.0,0.0,0.0,0.0,0.0,0.0,0.0,PG(16:1_18:2),"PG(16:1(9)_18:2(9,12))","PG(16:1(9)_18:2(9,12))","PG(16:1(9)_18:2(9,12))",0.42742857142857144
2571,5.187,791.48632,PG 16:1_22:6,[M-H]-,0.73,C44H73O10P,CCCCCC\C=C/CCCCCCCC(=O)OCC(COP(O)(=O)OCC(O)CO)OC(=O)CC\C=C/C\C=C/C\C=C/C\C=C/C\C=C/C\C=C/CC,0.0,0.0,0.0,0.0,0.0,0.0,0.0,0.0,0.0,17400.0,0.0,0.0,0.0,0.0,0.0,0.0,0.0,0.0,PG(16:1_22:6),"PG(16:1(9)_22:6(4,7,10,13,16,19))","PG(16:1(9)_22:6(4,7,10,13,16,19))","PG(16:1(9)_22:6(4,7,10,13,16,19))",0.16623333333333334
2592,5.247,717.4704,PG 16:1_16:1,[M-H]-,0.97,C38H71O10P,CCCCCC\C=C/CCCCCCCC(=O)OCC(COP(O)(=O)OCC(O)CO)OC(=O)CCCCCCC\C=C/CCCCCC,0.0,0.0,0.0,5683.0,0.0,0.0,0.0,0.0,0.0,0.0,4902.0,12190.0,0.0,0.0,0.0,0.0,0.0,0.0,PG(16:1_16:1),PG(16:1(9)_16:1(9)),PG(16:1(9)_16:1(9)),PG(16:1(9)_16:1(9)),0.4358333333333331
2625,5.302,691.45514,PG 14:0_16:1,[M-H]-,0.94,C36H69O10P,CCCCCCCCCCCCCC(=O)OCC(COP(O)(=O)OCC(O)CO)OC(=O)CCCCCCC\C=C/CCCCCC,0.0,7700.0,0.0,10840.0,0.0,7148.0,10750.0,0.0,11200.0,0.0,8856.0,8472.0,13410.0,11250.0,12190.0,16720.0,11870.0,17620.0,PG(14:0_16:1),PG(14:0_16:1(9)),PG(14:0_16:1(9)),PG(14:0_16:1(9)),0.040333333333333186
2636,5.33,769.50191,PG 18:2_18:2,[M-H]-,0.96,C42H75O10P,CCCCC\C=C/C\C=C/CCCCCCCC(=O)OCC(COP(O)(=O)OCC(O)CO)OC(=O)CCCCCCC\C=C/C\C=C/CCCCC,0.0,34950.0,0.0,0.0,30820.0,30230.0,37740.0,3504.0,31580.0,0.0,0.0,0.0,2481.0,0.0,0.0,4168.0,3808.0,0.0,PG(18:2_18:2),"PG(18:2(9,12)_18:2(9,12))","PG(18:2(9,12)_18:2(9,12))","PG(18:2(9,12)_18:2(9,12))",0.3602999999999999
2697,5.393,793.50242,PG 16:0_22:6,[M-H]-,0.93,C44H75O10P,CCCCCCCCCCCCCCCC(=O)OCC(COP(O)(=O)OCC(O)CO)OC(=O)CC\C=C/C\C=C/C\C=C/C\C=C/C\C=C/C\C=C/CC,0.0,3190.0,14290.0,0.0,0.0,0.0,0.0,28650.0,0.0,0.0,0.0,15760.0,33570.0,29120.0,9876.0,31100.0,27160.0,27730.0,PG(16:0_22:6),"PG(16:0_22:6(4,7,10,13,16,19))","PG(16:0_22:6(4,7,10,13,16,19))","PG(16:0_22:6(4,7,10,13,16,19))",0.22315384615384593
2708,5.395,719.48229,PG 14:0_18:1,[M-H]-,0.94,C38H73O10P,CCCCCCCCCCCCCC(=O)OCC(COP(O)(=O)OCC(O)CO)OC(=O)CCCCCCC\C=C/CCCCCCCC,0.0,0.0,0.0,0.0,0.0,0.0,0.0,0.0,0.0,0.0,0.0,0.0,8234.0,0.0,0.0,0.0,0.0,0.0,PG(14:0_18:1),PG(14:0_18:1(9)),PG(14:0_18:1(9)),PG(14:0_18:1(9)),0.03583333333333331
2716,5.402,717.47088,PG 16:1_16:1,[M-H]-,0.97,C38H71O10P,CCCCCC\C=C/CCCCCCCC(=O)OCC(COP(O)(=O)OCC(O)CO)OC(=O)CCCCCCC\C=C/CCCCCC,0.0,47400.0,45500.0,42240.0,48250.0,30380.0,44430.0,70220.0,53000.0,0.0,36610.0,52770.0,68290.0,69180.0,51340.0,90570.0,70510.0,84000.0,PG(16:1_16:1),PG(16:1(9)_16:1(9)),PG(16:1(9)_16:1(9)),PG(16:1(9)_16:1(9)),0.5776666666666669
2732,5.414,743.48616,PG 16:1_18:2,[M-H]-,0.96,C40H73O10P,CCCCCC\C=C/CCCCCCCC(=O)OCC(COP(O)(=O)OCC(O)CO)OC(=O)CCCCCCC\C=C/C\C=C/CCCCC,0.0,0.0,5275.0,0.0,4972.0,2662.0,0.0,0.0,0.0,0.0,0.0,0.0,0.0,4886.0,0.0,0.0,0.0,0.0,PG(16:1_18:2),"PG(16:1(9)_18:2(9,12))","PG(16:1(9)_18:2(9,12))","PG(16:1(9)_18:2(9,12))",0.5977857142857143
2789,5.48,881.51875,PI 16:0_22:6,[M-H]-,0.95,C47H79O13P,CCCCCCCCCCCCCCCC(=O)OCC(COP(O)(=O)OC1C(O)C(O)C(O)C(O)C1O)OC(=O)CC\C=C/C\C=C/C\C=C/C\C=C/C\C=C/C\C=C/CC,0.0,75870.0,54250.0,41000.0,87160.0,69210.0,79120.0,99940.0,72940.0,0.0,43370.0,106400.0,103200.0,119900.0,69930.0,106500.0,105400.0,105500.0,PI(16:0_22:6),"PI(16:0_22:6(4,7,10,13,16,19))","PI(16:0_22:6(4,7,10,13,16,19))","PI(16:0_22:6(4,7,10,13,16,19))",0.5651538461538473
2793,5.482,791.48697,PG 16:1_22:6,[M-H]-,0.74,C44H73O10P,CCCCCC\C=C/CCCCCCCC(=O)OCC(COP(O)(=O)OCC(O)CO)OC(=O)CC\C=C/C\C=C/C\C=C/C\C=C/C\C=C/C\C=C/CC,6466.0,0.0,0.0,0.0,0.0,0.0,0.0,0.0,0.0,0.0,0.0,0.0,0.0,0.0,0.0,0.0,0.0,0.0,PG(16:1_22:6),"PG(16:1(9)_22:6(4,7,10,13,16,19))","PG(16:1(9)_22:6(4,7,10,13,16,19))","PG(16:1(9)_22:6(4,7,10,13,16,19))",0.18566666666666679
2815,5.489,819.5184,PG 18:1_22:6,[M-H]-,0.93,C46H77O10P,CCCCCCCC\C=C/CCCCCCCC(=O)OCC(COP(O)(=O)OCC(O)CO)OC(=O)CC\C=C/C\C=C/C\C=C/C\C=C/C\C=C/C\C=C/CC,0.0,92550.0,154500.0,113700.0,140900.0,85840.0,94850.0,263400.0,92020.0,0.0,135000.0,223800.0,278500.0,260900.0,161800.0,295800.0,237800.0,259500.0,PG(18:1_22:6),"PG(18:1(9)_22:6(4,7,10,13,16,19))","PG(18:1(9)_22:6(4,7,10,13,16,19))","PG(18:1(9)_22:6(4,7,10,13,16,19))",0.48856666666666676
2845,5.512,719.48621,PG 14:0_18:1,[M-H]-,0.93,C38H73O10P,CCCCCCCCCCCCCC(=O)OCC(COP(O)(=O)OCC(O)CO)OC(=O)CCCCCCC\C=C/CCCCCCCC,0.0,60370.0,27410.0,4351.0,39300.0,53320.0,62160.0,26170.0,54950.0,0.0,8106.0,26170.0,26980.0,20350.0,10420.0,31200.0,29520.0,29870.0,PG(14:0_18:1),PG(14:0_18:1(9)),PG(14:0_18:1(9)),PG(14:0_18:1(9)),0.09199999999999979
2875,5.554,717.47033,PG 16:1_16:1,[M-H]-,0.96,C38H71O10P,CCCCCC\C=C/CCCCCCCC(=O)OCC(COP(O)(=O)OCC(O)CO)OC(=O)CCCCCCC\C=C/CCCCCC,16970.0,0.0,0.0,0.0,0.0,0.0,0.0,0.0,0.0,0.0,0.0,0.0,0.0,0.0,0.0,0.0,0.0,0.0,PG(16:1_16:1),PG(16:1(9)_16:1(9)),PG(16:1(9)_16:1(9)),PG(16:1(9)_16:1(9)),0.6728333333333336
2878,5.555,743.48669,PG 16:1_18:2,[M-H]-,0.96,C40H73O10P,CCCCCC\C=C/CCCCCCCC(=O)OCC(COP(O)(=O)OCC(O)CO)OC(=O)CCCCCCC\C=C/C\C=C/CCCCC,0.0,33540.0,25350.0,38630.0,39490.0,21760.0,33320.0,49540.0,40180.0,0.0,38300.0,44580.0,49370.0,47340.0,38850.0,62100.0,47830.0,59870.0,PG(16:1_18:2),"PG(16:1(9)_18:2(9,12))","PG(16:1(9)_18:2(9,12))","PG(16:1(9)_18:2(9,12))",0.6505714285714284
2900,5.586,769.50107,PG 18:2_18:2,[M-H]-,0.96,C42H75O10P,CCCCC\C=C/C\C=C/CCCCCCCC(=O)OCC(COP(O)(=O)OCC(O)CO)OC(=O)CCCCCCC\C=C/C\C=C/CCCCC,0.0,0.0,0.0,0.0,0.0,0.0,0.0,2879.0,0.0,0.0,0.0,0.0,0.0,0.0,0.0,0.0,0.0,0.0,PG(18:2_18:2),"PG(18:2(9,12)_18:2(9,12))","PG(18:2(9,12)_18:2(9,12))","PG(18:2(9,12)_18:2(9,12))",0.44279999999999997
2917,5.614,745.50255,PG 16:1_18:1,[M-H]-,0.99,C40H75O10P,CCCCCCCC\C=C/CCCCCCCC(=O)OC(COC(=O)CCCCCCC\C=C/CCCCCC)COP(O)(=O)OCC(O)CO,0.0,328600.0,102800.0,28040.0,222600.0,295000.0,361400.0,104600.0,297400.0,0.0,40810.0,109700.0,131700.0,102200.0,59560.0,123900.0,115400.0,116400.0,PG(16:1_18:1),PG(16:1(9)_18:1(9)),PG(16:1(9)_18:1(9)),PG(16:1(9)_18:1(9)),0.8773
2984,5.682,797.53262,PG 18:1_20:3,[M-H]-,0.99,C44H79O10P,CCCCCCCC\C=C/CCCCCCCC(=O)OCC(COP(O)(=O)OCC(O)CO)OC(=O)CCCCCCCCC\C=C/C\C=C/C\C=C/CC,0.0,0.0,0.0,0.0,0.0,0.0,2953.0,0.0,2027.0,0.0,0.0,4069.0,0.0,0.0,0.0,0.0,0.0,0.0,PG(18:1_20:3),"PG(18:1(9)_20:3(8,11,14))","PG(18:1(9)_20:3(8,11,14))","PG(18:1(9)_20:3(8,11,14))",0.5783333333333338
3003,5.687,881.51858,PI 16:0_22:6,[M-H]-,0.96,C47H79O13P,CCCCCCCCCCCCCCCC(=O)OCC(COP(O)(=O)OC1C(O)C(O)C(O)C(O)C1O)OC(=O)CC\C=C/C\C=C/C\C=C/C\C=C/C\C=C/C\C=C/CC,0.0,92900.0,244600.0,166100.0,85490.0,89770.0,95770.0,425000.0,98220.0,0.0,166200.0,382200.0,450400.0,511300.0,284800.0,472300.0,468000.0,432500.0,PI(16:0_22:6),"PI(16:0_22:6(4,7,10,13,16,19))","PI(16:0_22:6(4,7,10,13,16,19))","PI(16:0_22:6(4,7,10,13,16,19))",1.080000000000001
3022,5.706,743.48727,PG 16:1_18:2,[M-H]-,0.97,C40H73O10P,CCCCCC\C=C/CCCCCCCC(=O)OCC(COP(O)(=O)OCC(O)CO)OC(=O)CCCCCCC\C=C/C\C=C/CCCCC,0.0,0.0,0.0,0.0,0.0,2067.0,0.0,0.0,0.0,0.0,0.0,0.0,0.0,0.0,0.0,0.0,0.0,0.0,PG(16:1_18:2),"PG(16:1(9)_18:2(9,12))","PG(16:1(9)_18:2(9,12))","PG(16:1(9)_18:2(9,12))",0.6597142857142858
3028,5.718,769.50208,PG 18:2_18:2,[M-H]-,0.97,C42H75O10P,CCCCC\C=C/C\C=C/CCCCCCCC(=O)OCC(COP(O)(=O)OCC(O)CO)OC(=O)CCCCCCC\C=C/C\C=C/CCCCC,0.0,12150.0,0.0,11220.0,13460.0,6912.0,0.0,16090.0,14550.0,0.0,9760.0,14680.0,16830.0,18560.0,0.0,21490.0,15160.0,21450.0,PG(18:2_18:2),"PG(18:2(9,12)_18:2(9,12))","PG(18:2(9,12)_18:2(9,12))","PG(18:2(9,12)_18:2(9,12))",0.49079999999999996
3077,5.759,907.53436,PI 18:1_22:6,[M-H]-,0.95,C49H81O13P,CCCCCCCC\C=C/CCCCCCCC(=O)OCC(COP(O)(=O)OC1C(O)C(O)C(O)C(O)C1O)OC(=O)CC\C=C/C\C=C/C\C=C/C\C=C/C\C=C/C\C=C/CC,0.0,148900.0,182700.0,91520.0,141500.0,129700.0,148100.0,332600.0,137300.0,0.0,105000.0,299200.0,342900.0,386800.0,201700.0,345400.0,334500.0,315200.0,PI(18:1_22:6),"PI(18:1(9)_22:6(4,7,10,13,16,19))","PI(18:1(9)_22:6(4,7,10,13,16,19))","PI(18:1(9)_22:6(4,7,10,13,16,19))",1.0272333333333332
3080,5.76,731.48663,PG 16:1_17:1,[M-H]-,0.95,C39H73O10P,CCCCCCC\C=C/CCCCCCCC(=O)OC(COC(=O)CCCCCCC\C=C/CCCCCC)COP(O)(=O)OCC(O)CO,0.0,0.0,0.0,0.0,0.0,0.0,0.0,0.0,0.0,0.0,0.0,0.0,0.0,0.0,0.0,6682.0,0.0,7007.0,PG(16:1_17:1),PG(16:1(9)_17:1(9)),PG(16:1(9)_17:1(9)),PG(16:1(9)_17:1(9)),0.55
3118,5.79,717.4706,PG 16:1_16:1,[M-H]-,0.97,C38H71O10P,CCCCCC\C=C/CCCCCCCC(=O)OCC(COP(O)(=O)OCC(O)CO)OC(=O)CCCCCCC\C=C/CCCCCC,0.0,0.0,0.0,0.0,0.0,0.0,0.0,0.0,0.0,8499.0,0.0,0.0,0.0,0.0,0.0,0.0,0.0,0.0,PG(16:1_16:1),PG(16:1(9)_16:1(9)),PG(16:1(9)_16:1(9)),PG(16:1(9)_16:1(9)),0.7483333333333336
3152,5.816,771.5179,PG 18:1_18:2,[M-H]-,0.99,C42H77O10P,CCCCCCCC\C=C/CCCCCCCC(=O)OCC(COP(O)(=O)OCC(O)CO)OC(=O)CCCCCCC\C=C/C\C=C/CCCCC,0.0,190400.0,39050.0,24790.0,140300.0,165800.0,201300.0,57810.0,172200.0,0.0,25820.0,59270.0,75870.0,59090.0,33430.0,65920.0,60890.0,64380.0,PG(18:1_18:2),"PG(18:1(9)_18:2(9,12))","PG(18:1(9)_18:2(9,12))","PG(18:1(9)_18:2(9,12))",0.7495714285714286
3155,5.822,797.53306,PG 18:1_20:3,[M-H]-,0.98,C44H79O10P,CCCCCCCC\C=C/CCCCCCCC(=O)OCC(COP(O)(=O)OCC(O)CO)OC(=O)CCCCCCCCC\C=C/C\C=C/C\C=C/CC,0.0,12220.0,0.0,0.0,15560.0,10650.0,12720.0,19440.0,14800.0,0.0,0.0,9980.0,22440.0,16120.0,0.0,18610.0,15920.0,15670.0,PG(18:1_20:3),"PG(18:1(9)_20:3(8,11,14))","PG(18:1(9)_20:3(8,11,14))","PG(18:1(9)_20:3(8,11,14))",0.7140555555555557
3172,5.846,759.51809,PG 17:1_18:1,[M-H]-,0.97,C41H77O10P,CCCCCCCC\C=C/CCCCCCCC(=O)OC(COC(=O)CCCCCCC\C=C/CCCCCCC)COP(O)(=O)OCC(O)CO,0.0,0.0,0.0,0.0,0.0,0.0,0.0,2649.0,0.0,0.0,0.0,2702.0,0.0,0.0,0.0,0.0,0.0,0.0,PG(17:1_18:1),PG(17:1(9)_18:1(9)),PG(17:1(9)_18:1(9)),PG(17:1(9)_18:1(9)),0.6294000000000002
3187,5.864,691.45527,PG 14:0_16:1,[M-H]-,0.94,C36H69O10P,CCCCCCCCCCCCCC(=O)OCC(COP(O)(=O)OCC(O)CO)OC(=O)CCCCCCC\C=C/CCCCCC,0.0,0.0,0.0,0.0,0.0,0.0,0.0,0.0,0.0,6883.0,0.0,0.0,0.0,0.0,0.0,0.0,0.0,0.0,PG(14:0_16:1),PG(14:0_16:1(9)),PG(14:0_16:1(9)),PG(14:0_16:1(9)),0.49916666666666654
3314,5.941,771.5199,PG 18:1_18:2,[M-H]-,0.98,C42H77O10P,CCCCCCCC\C=C/CCCCCCCC(=O)OCC(COP(O)(=O)OCC(O)CO)OC(=O)CCCCCCC\C=C/C\C=C/CCCCC,0.0,0.0,0.0,0.0,0.0,0.0,0.0,0.0,0.0,0.0,0.0,1822.0,0.0,0.0,0.0,0.0,0.0,0.0,PG(18:1_18:2),"PG(18:1(9)_18:2(9,12))","PG(18:1(9)_18:2(9,12))","PG(18:1(9)_18:2(9,12))",0.8347857142857144
3420,5.975,797.53336,PG 18:1_20:3,[M-H]-,0.98,C44H79O10P,CCCCCCCC\C=C/CCCCCCCC(=O)OCC(COP(O)(=O)OCC(O)CO)OC(=O)CCCCCCCCC\C=C/C\C=C/C\C=C/CC,0.0,8793.0,0.0,0.0,0.0,0.0,0.0,0.0,0.0,0.0,0.0,0.0,0.0,4744.0,0.0,4767.0,0.0,0.0,PG(18:1_20:3),"PG(18:1(9)_20:3(8,11,14))","PG(18:1(9)_20:3(8,11,14))","PG(18:1(9)_20:3(8,11,14))",0.7977222222222222
3412,5.975,881.51861,PI 16:0_22:6,[M-H]-,0.94,C47H79O13P,CCCCCCCCCCCCCCCC(=O)OCC(COP(O)(=O)OC1C(O)C(O)C(O)C(O)C1O)OC(=O)CC\C=C/C\C=C/C\C=C/C\C=C/C\C=C/C\C=C/CC,0.0,0.0,0.0,0.0,0.0,0.0,0.0,0.0,0.0,0.0,0.0,0.0,0.0,0.0,0.0,8250.0,0.0,0.0,PI(16:0_22:6),"PI(16:0_22:6(4,7,10,13,16,19))","PI(16:0_22:6(4,7,10,13,16,19))","PI(16:0_22:6(4,7,10,13,16,19))",1.5214999999999996
3454,5.985,759.51782,PG 17:1_18:1,[M-H]-,0.99,C41H77O10P,CCCCCCCC\C=C/CCCCCCCC(=O)OC(COC(=O)CCCCCCC\C=C/CCCCCCC)COP(O)(=O)OCC(O)CO,0.0,14080.0,11200.0,0.0,11170.0,12510.0,15120.0,10290.0,10110.0,0.0,0.0,8742.0,8368.0,13610.0,0.0,12380.0,14880.0,0.0,PG(17:1_18:1),PG(17:1(9)_18:1(9)),PG(17:1(9)_18:1(9)),PG(17:1(9)_18:1(9)),0.7905000000000003
3540,6.047,719.48651,PG 14:0_18:1,[M-H]-,0.86,C38H73O10P,CCCCCCCCCCCCCC(=O)OCC(COP(O)(=O)OCC(O)CO)OC(=O)CCCCCCC\C=C/CCCCCCCC,0.0,111700.0,117000.0,144400.0,140900.0,97270.0,121300.0,128200.0,131200.0,0.0,123400.0,127600.0,154800.0,133800.0,146900.0,151400.0,128300.0,156700.0,PG(14:0_18:1),PG(14:0_18:1(9)),PG(14:0_18:1(9)),PG(14:0_18:1(9)),0.37399999999999994
3555,6.056,797.53403,PG 18:1_20:3,[M-H]-,0.96,C44H79O10P,CCCCCCCC\C=C/CCCCCCCC(=O)OCC(COP(O)(=O)OCC(O)CO)OC(=O)CCCCCCCCC\C=C/C\C=C/C\C=C/CC,0.0,14900.0,4306.0,0.0,18930.0,0.0,22770.0,5835.0,15800.0,0.0,0.0,3265.0,0.0,4380.0,0.0,3997.0,7042.0,0.0,PG(18:1_20:3),"PG(18:1(9)_20:3(8,11,14))","PG(18:1(9)_20:3(8,11,14))","PG(18:1(9)_20:3(8,11,14))",0.7892222222222226
3557,6.058,907.53335,PI 18:1_22:6,[M-H]-,0.94,C49H81O13P,CCCCCCCC\C=C/CCCCCCCC(=O)OCC(COP(O)(=O)OC1C(O)C(O)C(O)C(O)C1O)OC(=O)CC\C=C/C\C=C/C\C=C/C\C=C/C\C=C/C\C=C/CC,0.0,0.0,0.0,0.0,0.0,0.0,0.0,0.0,0.0,0.0,0.0,0.0,0.0,0.0,0.0,0.0,7483.0,2595.0,PI(18:1_22:6),"PI(18:1(9)_22:6(4,7,10,13,16,19))","PI(18:1(9)_22:6(4,7,10,13,16,19))","PI(18:1(9)_22:6(4,7,10,13,16,19))",1.1774666666666669
3587,6.078,717.47062,PG 16:1_16:1,[M-H]-,0.97,C38H71O10P,CCCCCC\C=C/CCCCCCCC(=O)OCC(COP(O)(=O)OCC(O)CO)OC(=O)CCCCCCC\C=C/CCCCCC,24960.0,0.0,0.0,0.0,4034.0,0.0,1638.0,0.0,5046.0,49010.0,0.0,0.0,0.0,0.0,0.0,0.0,0.0,0.0,PG(16:1_16:1),PG(16:1(9)_16:1(9)),PG(16:1(9)_16:1(9)),PG(16:1(9)_16:1(9)),0.707
3608,6.094,769.50229,PG 18:1_18:3,[M-H]-,0.98,C42H75O10P,CCCCCCCC\C=C/CCCCCCCC(=O)OCC(COP(O)(=O)OCC(O)CO)OC(=O)CCCCCCC\C=C/C\C=C/C\C=C/CC,21210.0,0.0,0.0,3302.0,0.0,0.0,0.0,0.0,0.0,0.0,0.0,0.0,3640.0,0.0,0.0,0.0,0.0,0.0,PG(18:1_18:3),"PG(18:1(9)_18:3(6,9,12))","PG(18:1(9)_18:3(6,9,12))","PG(18:1(9)_18:3(9,12,15))",0.8854444444444444
3628,6.108,907.53149,PI 18:1_22:6,[M-H]-,0.94,C49H81O13P,CCCCCCCC\C=C/CCCCCCCC(=O)OCC(COP(O)(=O)OC1C(O)C(O)C(O)C(O)C1O)OC(=O)CC\C=C/C\C=C/C\C=C/C\C=C/C\C=C/C\C=C/CC,0.0,0.0,0.0,0.0,0.0,0.0,0.0,0.0,0.0,0.0,0.0,0.0,3095.0,0.0,0.0,0.0,0.0,2199.0,PI(18:1_22:6),"PI(18:1(9)_22:6(4,7,10,13,16,19))","PI(18:1(9)_22:6(4,7,10,13,16,19))","PI(18:1(9)_22:6(4,7,10,13,16,19))",1.1921666666666666
3652,6.124,745.50228,PG 16:1_18:1,[M-H]-,0.93,C40H75O10P,CCCCCCCC\C=C/CCCCCCCC(=O)OC(COC(=O)CCCCCCC\C=C/CCCCCC)COP(O)(=O)OCC(O)CO,0.0,180200.0,179500.0,208700.0,218200.0,144500.0,183300.0,244100.0,195900.0,0.0,189200.0,234700.0,268800.0,250300.0,203800.0,291700.0,245500.0,291600.0,PG(16:1_18:1),PG(16:1(9)_18:1(9)),PG(16:1(9)_18:1(9)),PG(16:1(9)_18:1(9)),0.8000000000000002
3693,6.155,793.5017,PG 16:0_22:6,[M-H]-,0.74,C44H75O10P,CCCCCCCCCCCCCCCC(=O)OCC(COP(O)(=O)OCC(O)CO)OC(=O)CC\C=C/C\C=C/C\C=C/C\C=C/C\C=C/C\C=C/CC,0.0,0.0,0.0,0.0,0.0,0.0,0.0,0.0,0.0,27200.0,0.0,0.0,0.0,0.0,0.0,0.0,0.0,0.0,PG(16:0_22:6),"PG(16:0_22:6(4,7,10,13,16,19))","PG(16:0_22:6(4,7,10,13,16,19))","PG(16:0_22:6(4,7,10,13,16,19))",0.717615384615385
3695,6.156,771.51741,PG 18:1_18:2,[M-H]-,0.91,C42H77O10P,CCCCCCCC\C=C/CCCCCCCC(=O)OCC(COP(O)(=O)OCC(O)CO)OC(=O)CCCCCCC\C=C/C\C=C/CCCCC,0.0,0.0,0.0,4669.0,0.0,0.0,0.0,0.0,3514.0,0.0,0.0,0.0,0.0,5287.0,0.0,0.0,0.0,0.0,PG(18:1_18:2),"PG(18:1(9)_18:2(9,12))","PG(18:1(9)_18:2(9,12))","PG(18:1(9)_18:2(9,12))",0.8210714285714287
3701,6.16,743.48656,PG 16:1_18:2,[M-H]-,0.96,C40H73O10P,CCCCCC\C=C/CCCCCCCC(=O)OCC(COP(O)(=O)OCC(O)CO)OC(=O)CCCCCCC\C=C/C\C=C/CCCCC,0.0,0.0,0.0,0.0,0.0,0.0,0.0,0.0,1037.0,7486.0,0.0,0.0,0.0,0.0,0.0,0.0,0.0,0.0,PG(16:1_18:2),"PG(16:1(9)_18:2(9,12))","PG(16:1(9)_18:2(9,12))","PG(16:1(9)_18:2(9,12))",0.6710714285714285
3713,6.169,871.53425,PI 17:0_20:4,[M-H]-,0.96,C46H81O13P,CCCCCCCCCCCCCCCCC(=O)OCC(COP(O)(=O)OC1C(O)C(O)C(O)C(O)C1O)OC(=O)CCCCCC\C=C/C\C=C/C\C=C/C\C=C/CC,0.0,48960.0,33000.0,22460.0,42310.0,41640.0,47310.0,45850.0,50080.0,0.0,26330.0,48950.0,51980.0,58050.0,37840.0,54110.0,52410.0,56060.0,PI(17:0_20:4),"PI(17:0_20:4(5,8,11,14))","PI(17:0_20:4(5,8,11,14))","PI(17:0_20:4(5,8,11,14))",1.309777777777777
3773,6.216,771.51801,PG 18:1_18:2,[M-H]-,0.96,C42H77O10P,CCCCCCCC\C=C/CCCCCCCC(=O)OCC(COP(O)(=O)OCC(O)CO)OC(=O)CCCCCCC\C=C/C\C=C/CCCCC,0.0,0.0,0.0,0.0,0.0,0.0,6482.0,0.0,0.0,0.0,0.0,0.0,0.0,0.0,0.0,0.0,0.0,0.0,PG(18:1_18:2),"PG(18:1(9)_18:2(9,12))","PG(18:1(9)_18:2(9,12))","PG(18:1(9)_18:2(9,12))",0.7909285714285718
3861,6.262,733.50247,PG 15:0_18:1,[M-H]-,0.82,C39H75O10P,CCCCCCCCCCCCCCC(=O)OCC(COP(O)(=O)OCC(O)CO)OC(=O)CCCCCCC\C=C/CCCCCCCC,0.0,0.0,0.0,0.0,0.0,0.0,0.0,0.0,0.0,0.0,3395.0,0.0,0.0,0.0,0.0,0.0,0.0,0.0,PG(15:0_18:1),PG(15:0_18:1(9)),PG(15:0_18:1(9)),PG(15:0_18:1(9)),0.43899999999999945
3887,6.277,747.51815,PG 16:0_18:1,[M-H]-,0.98,C40H77O10P,CCCCCCCCCCCCCCCC(=O)OCC(COP(O)(=O)OCC(O)CO)OC(=O)CCCCCCC\C=C/CCCCCCCC,0.0,139900.0,101700.0,45360.0,100400.0,122500.0,144700.0,132500.0,101700.0,0.0,51060.0,129400.0,171800.0,133300.0,67410.0,136400.0,142200.0,99050.0,PG(16:0_18:1),PG(16:0_18:1(11)),PG(16:0_18:1(11)),PG(16:0_18:1(11)),0.6351666666666665
3938,6.305,771.51793,PG 18:1_18:2,[M-H]-,0.92,C42H77O10P,CCCCCCCC\C=C/CCCCCCCC(=O)OCC(COP(O)(=O)OCC(O)CO)OC(=O)CCCCCCC\C=C/C\C=C/CCCCC,0.0,42740.0,46980.0,66640.0,64430.0,43210.0,43250.0,79960.0,51120.0,0.0,63680.0,73380.0,87280.0,78720.0,64130.0,92780.0,74220.0,86510.0,PG(18:1_18:2),"PG(18:1(9)_18:2(9,12))","PG(18:1(9)_18:2(9,12))","PG(18:1(9)_18:2(9,12))",0.7620714285714288
3945,6.306,871.53421,PI 17:0_20:4,[M-H]-,0.96,C46H81O13P,CCCCCCCCCCCCCCCCC(=O)OCC(COP(O)(=O)OC1C(O)C(O)C(O)C(O)C1O)OC(=O)CCCCCC\C=C/C\C=C/C\C=C/C\C=C/CC,0.0,0.0,55170.0,86660.0,33470.0,0.0,23290.0,91010.0,21700.0,0.0,66900.0,86210.0,97200.0,113600.0,93690.0,92010.0,105400.0,84260.0,PI(17:0_20:4),"PI(17:0_20:4(5,8,11,14))","PI(17:0_20:4(5,8,11,14))","PI(17:0_20:4(5,8,11,14))",1.5633333333333335
3958,6.314,719.48623,PG 14:0_18:1,[M-H]-,0.98,C38H73O10P,CCCCCCCCCCCCCC(=O)OCC(COP(O)(=O)OCC(O)CO)OC(=O)CCCCCCC\C=C/CCCCCCCC,27910.0,0.0,0.0,0.0,0.0,0.0,0.0,0.0,0.0,0.0,0.0,0.0,0.0,0.0,0.0,0.0,0.0,0.0,PG(14:0_18:1),PG(14:0_18:1(9)),PG(14:0_18:1(9)),PG(14:0_18:1(9)),0.38416666666666677
3993,6.324,819.51825,PG 18:1_22:6,[M-H]-,0.93,C46H77O10P,CCCCCCCC\C=C/CCCCCCCC(=O)OCC(COP(O)(=O)OCC(O)CO)OC(=O)CC\C=C/C\C=C/C\C=C/C\C=C/C\C=C/C\C=C/CC,81270.0,0.0,0.0,0.0,0.0,0.0,0.0,0.0,0.0,376200.0,0.0,0.0,0.0,0.0,0.0,0.0,0.0,0.0,PG(18:1_22:6),"PG(18:1(9)_22:6(4,7,10,13,16,19))","PG(18:1(9)_22:6(4,7,10,13,16,19))","PG(18:1(9)_22:6(4,7,10,13,16,19))",1.0412666666666668
4045,6.355,743.48647,PG 16:1_18:2,[M-H]-,0.96,C40H73O10P,CCCCCC\C=C/CCCCCCCC(=O)OCC(COP(O)(=O)OCC(O)CO)OC(=O)CCCCCCC\C=C/C\C=C/CCCCC,18730.0,0.0,0.0,0.0,0.0,0.0,0.0,0.0,0.0,38020.0,0.0,0.0,0.0,0.0,0.0,0.0,0.0,0.0,PG(16:1_18:2),"PG(16:1(9)_18:2(9,12))","PG(16:1(9)_18:2(9,12))","PG(16:1(9)_18:2(9,12))",0.6127142857142857
4089,6.378,773.53418,PG 18:1_18:1,[M-H]-,0.96,C42H79O10P,CCCCCCCC\C=C/CCCCCCCC(=O)OCC(COP(O)(=O)OCC(O)CO)OC(=O)CCCCCCC\C=C/CCCCCCCC,0.0,774900.0,453500.0,170400.0,596000.0,690200.0,804600.0,474700.0,699900.0,0.0,217400.0,479800.0,571200.0,476200.0,302200.0,520000.0,507600.0,493900.0,PG(18:1_18:1),PG(18:1(9)_18:1(9)),PG(18:1(9)_18:1(9)),PG(18:1(9)_18:1(9)),0.8461666666666668
4106,6.392,775.5402,PG 18:0_18:1,[M-H]-,0.74,C42H81O10P,CCCCCCCCCCCCCCCCCC(=O)OCC(COP(O)(=O)OCC(O)CO)OC(=O)CCCCCCC\C=C/CCCCCCCC,0.0,0.0,0.0,0.0,57400.0,87280.0,99620.0,0.0,0.0,0.0,19040.0,0.0,66430.0,0.0,0.0,0.0,47470.0,0.0,PG(18:0_18:1),PG(18:0_18:1(9)),PG(18:0_18:1(9)),PG(18:0_18:1(9)),0.5714999999999999
4179,6.452,745.50235,PG 16:1_18:1,[M-H]-,0.99,C40H75O10P,CCCCCCCC\C=C/CCCCCCCC(=O)OC(COC(=O)CCCCCCC\C=C/CCCCCC)COP(O)(=O)OCC(O)CO,207400.0,0.0,0.0,0.0,0.0,0.0,0.0,0.0,0.0,84000.0,0.0,0.0,0.0,0.0,0.0,0.0,0.0,0.0,PG(16:1_18:1),PG(16:1(9)_18:1(9)),PG(16:1(9)_18:1(9)),PG(16:1(9)_18:1(9)),0.6912
4202,6.469,733.50329,PG 15:0_18:1,[M-H]-,0.82,C39H75O10P,CCCCCCCCCCCCCCC(=O)OCC(COP(O)(=O)OCC(O)CO)OC(=O)CCCCCCC\C=C/CCCCCCCC,0.0,6067.0,15550.0,39370.0,18170.0,6460.0,9119.0,17890.0,9522.0,0.0,23730.0,19050.0,26710.0,21810.0,31850.0,22780.0,18330.0,26600.0,PG(15:0_18:1),PG(15:0_18:1(9)),PG(15:0_18:1(9)),PG(15:0_18:1(9)),0.7006666666666669
4252,6.503,799.54986,PG 18:1_20:2,[M-H]-,0.93,C44H81O10P,CCCCCCCC\C=C/CCCCCCCC(=O)OCC(COP(O)(=O)OCC(O)CO)OC(=O)CCCCCCCCC\C=C/C\C=C/CCCCC,0.0,0.0,0.0,0.0,0.0,0.0,0.0,0.0,0.0,0.0,13320.0,0.0,0.0,0.0,0.0,0.0,0.0,0.0,PG(18:1_20:2),"PG(18:1(9)_20:2(11,14))","PG(18:1(9)_20:2(11,14))","PG(18:1(9)_20:2(11,14))",0.7497857142857143
4291,6.511,909.54989,PI 18:0_22:6,[M-H]-,0.96,C49H83O13P,CCCCCCCCCCCCCCCCCC(=O)OCC(COP(O)(=O)OC1C(O)C(O)C(O)C(O)C1O)OC(=O)CC\C=C/C\C=C/C\C=C/C\C=C/C\C=C/C\C=C/CC,0.0,167400.0,393500.0,365900.0,184400.0,140200.0,157300.0,636900.0,148800.0,0.0,308900.0,572900.0,666800.0,798000.0,468300.0,664200.0,693300.0,604000.0,PI(18:0_22:6),"PI(18:0_22:6(4,7,10,13,16,19))","PI(18:0_22:6(4,7,10,13,16,19))","PI(18:0_22:6(4,7,10,13,16,19))",1.7843846153846168
4396,6.556,881.51835,PI 16:0_22:6,[M-H]-,0.96,C47H79O13P,CCCCCCCCCCCCCCCC(=O)OCC(COP(O)(=O)OC1C(O)C(O)C(O)C(O)C1O)OC(=O)CC\C=C/C\C=C/C\C=C/C\C=C/C\C=C/C\C=C/CC,57070.0,0.0,0.0,0.0,0.0,0.0,0.0,0.0,0.0,515000.0,0.0,0.0,0.0,0.0,0.0,0.0,0.0,0.0,PI(16:0_22:6),"PI(16:0_22:6(4,7,10,13,16,19))","PI(16:0_22:6(4,7,10,13,16,19))","PI(16:0_22:6(4,7,10,13,16,19))",1.4401923076923082
4398,6.557,759.51877,PG 17:1_18:1,[M-H]-,0.91,C41H77O10P,CCCCCCCC\C=C/CCCCCCCC(=O)OC(COC(=O)CCCCCCC\C=C/CCCCCCC)COP(O)(=O)OCC(O)CO,0.0,0.0,5579.0,0.0,5217.0,0.0,0.0,0.0,0.0,0.0,8766.0,8169.0,8565.0,0.0,0.0,9469.0,0.0,9399.0,PG(17:1_18:1),PG(17:1(9)_18:1(9)),PG(17:1(9)_18:1(9)),PG(17:1(9)_18:1(9)),0.7219000000000001
4433,6.576,799.54995,PG 18:1_20:2,[M-H]-,0.98,C44H81O10P,CCCCCCCC\C=C/CCCCCCCC(=O)OCC(COP(O)(=O)OCC(O)CO)OC(=O)CCCCCCCCC\C=C/C\C=C/CCCCC,0.0,58040.0,20820.0,0.0,38390.0,36270.0,43620.0,30480.0,53440.0,0.0,1489.0,24780.0,37500.0,32420.0,0.0,0.0,33100.0,0.0,PG(18:1_20:2),"PG(18:1(9)_20:2(11,14))","PG(18:1(9)_20:2(11,14))","PG(18:1(9)_20:2(11,14))",0.807785714285714
4463,6.596,769.50186,PG 18:2_18:2,[M-H]-,0.97,C42H75O10P,CCCCC\C=C/C\C=C/CCCCCCCC(=O)OCC(COP(O)(=O)OCC(O)CO)OC(=O)CCCCCCC\C=C/C\C=C/CCCCC,6229.0,0.0,0.0,0.0,0.0,0.0,0.0,0.0,0.0,15900.0,0.0,0.0,0.0,0.0,0.0,0.0,0.0,0.0,PG(18:2_18:2),"PG(18:2(9,12)_18:2(9,12))","PG(18:2(9,12)_18:2(9,12))","PG(18:2(9,12)_18:2(9,12))",1.0065000000000004
4570,6.654,907.53411,PI 18:1_22:6,[M-H]-,0.95,C49H81O13P,CCCCCCCC\C=C/CCCCCCCC(=O)OCC(COP(O)(=O)OC1C(O)C(O)C(O)C(O)C1O)OC(=O)CC\C=C/C\C=C/C\C=C/C\C=C/C\C=C/C\C=C/CC,102400.0,0.0,0.0,0.0,0.0,0.0,0.0,0.0,0.0,429300.0,0.0,0.0,0.0,0.0,0.0,0.0,0.0,0.0,PI(18:1_22:6),"PI(18:1(9)_22:6(4,7,10,13,16,19))","PI(18:1(9)_22:6(4,7,10,13,16,19))","PI(18:1(9)_22:6(4,7,10,13,16,19))",1.6484999999999992
4604,6.671,835.53432,PI 16:0_18:1,[M-H]-,0.95,C43H81O13P,CCCCCCCCCCCCCCCC(=O)OCC(COP(O)(=O)OC1C(O)C(O)C(O)C(O)C1O)OC(=O)CCCCCCC\C=C/CCCCCCCC,0.0,315800.0,521300.0,275700.0,218900.0,299400.0,332600.0,575900.0,338100.0,0.0,279800.0,593300.0,639300.0,737300.0,473100.0,689400.0,757500.0,636800.0,PI(16:0_18:1),PI(16:0_18:1(9)),PI(16:0_18:1(9)),PI(16:0_18:1(9)),2.4541666666666657
4638,6.695,799.54975,PG 18:1_20:2,[M-H]-,0.99,C44H81O10P,CCCCCCCC\C=C/CCCCCCCC(=O)OCC(COP(O)(=O)OCC(O)CO)OC(=O)CCCCCCCCC\C=C/C\C=C/CCCCC,0.0,0.0,0.0,0.0,8646.0,0.0,15860.0,0.0,0.0,0.0,0.0,0.0,0.0,0.0,0.0,0.0,0.0,0.0,PG(18:1_20:2),"PG(18:1(9)_20:2(11,14))","PG(18:1(9)_20:2(11,14))","PG(18:1(9)_20:2(11,14))",0.913
4678,6.716,771.5177,PG 18:1_18:2,[M-H]-,0.99,C42H77O10P,CCCCCCCC\C=C/CCCCCCCC(=O)OCC(COP(O)(=O)OCC(O)CO)OC(=O)CCCCCCC\C=C/C\C=C/CCCCC,126700.0,0.0,0.0,0.0,0.0,0.0,0.0,0.0,0.0,64300.0,0.0,0.0,0.0,0.0,0.0,0.0,0.0,0.0,PG(18:1_18:2),"PG(18:1(9)_18:2(9,12))","PG(18:1(9)_18:2(9,12))","PG(18:1(9)_18:2(9,12))",0.8231428571428575
4789,6.753,885.54955,PI 18:0_20:4,[M-H]-,0.97,C47H83O13P,CCCCCCCCCCCCCCCCCC(=O)OCC(COP(O)(=O)OC1C(O)C(O)C(O)C(O)C1O)OC(=O)CCCCCC\C=C/C\C=C/C\C=C/C\C=C/CC,0.0,1980000.0,4123000.0,6482000.0,2473000.0,1774000.0,1846000.0,6084000.0,1917000.0,0.0,4893000.0,5615000.0,6075000.0,8307000.0,6348000.0,7196000.0,7190000.0,6483000.0,PI(18:0_20:4),"PI(18:0_20:4(5,8,11,14))","PI(18:0_20:4(5,8,11,14))","PI(18:0_20:4(5,8,11,14))",1.9887777777777775
4877,6.778,719.48676,PG 16:0_16:1,[M-H]-,0.72,C38H73O10P,CCCCCCCCCCCCCCCC(=O)OCC(COP(O)(=O)OCC(O)CO)OC(=O)CCCCCCC\C=C/CCCCCC,0.0,85410.0,35010.0,22010.0,90640.0,96670.0,69770.0,36060.0,89520.0,0.0,26990.0,35310.0,46400.0,39380.0,31310.0,41560.0,34890.0,41690.0,PG(16:0_16:1),PG(16:0_16:1(9)),PG(16:0_16:1(9)),PG(16:0_16:1(9)),1.1321666666666657
4896,6.789,797.5335,PG 18:1_20:3,[M-H]-,0.99,C44H79O10P,CCCCCCCC\C=C/CCCCCCCC(=O)OCC(COP(O)(=O)OCC(O)CO)OC(=O)CCCCCCCCC\C=C/C\C=C/C\C=C/CC,0.0,0.0,0.0,0.0,0.0,0.0,0.0,0.0,0.0,26420.0,0.0,0.0,0.0,0.0,0.0,0.0,0.0,0.0,PG(18:1_20:3),"PG(18:1(9)_20:3(8,11,14))","PG(18:1(9)_20:3(8,11,14))","PG(18:1(9)_20:3(8,11,14))",0.9109999999999996
4934,6.811,799.55021,PG 18:1_20:2,[M-H]-,0.99,C44H81O10P,CCCCCCCC\C=C/CCCCCCCC(=O)OCC(COP(O)(=O)OCC(O)CO)OC(=O)CCCCCCCCC\C=C/C\C=C/CCCCC,0.0,3269.0,0.0,0.0,0.0,0.0,0.0,0.0,0.0,0.0,0.0,0.0,0.0,0.0,0.0,0.0,0.0,0.0,PG(18:1_20:2),"PG(18:1(9)_20:2(11,14))","PG(18:1(9)_20:2(11,14))","PG(18:1(9)_20:2(11,14))",1.0939999999999996
5076,6.88,835.53442,PI 16:0_18:1,[M-H]-,0.91,C43H81O13P,CCCCCCCCCCCCCCCC(=O)OCC(COP(O)(=O)OC1C(O)C(O)C(O)C(O)C1O)OC(=O)CCCCCCC\C=C/CCCCCCCC,0.0,0.0,0.0,32100.0,0.0,0.0,0.0,0.0,0.0,0.0,0.0,0.0,0.0,0.0,0.0,0.0,0.0,0.0,PI(16:0_18:1),PI(16:0_18:1(9)),PI(16:0_18:1(9)),PI(16:0_18:1(9)),2.272333333333332
5090,6.889,719.48627,PG 16:0_16:1,[M-H]-,0.89,C38H73O10P,CCCCCCCCCCCCCCCC(=O)OCC(COP(O)(=O)OCC(O)CO)OC(=O)CCCCCCC\C=C/CCCCCC,73630.0,0.0,0.0,0.0,0.0,0.0,0.0,0.0,0.0,20590.0,0.0,0.0,0.0,0.0,0.0,0.0,0.0,0.0,PG(16:0_16:1),PG(16:0_16:1(9)),PG(16:0_16:1(9)),PG(16:0_16:1(9)),1.3628333333333333
5089,6.889,745.50245,PG 16:1_18:1,[M-H]-,0.74,C40H75O10P,CCCCCCCC\C=C/CCCCCCCC(=O)OC(COC(=O)CCCCCCC\C=C/CCCCCC)COP(O)(=O)OCC(O)CO,0.0,76270.0,18460.0,12150.0,93760.0,91590.0,72600.0,25420.0,76790.0,0.0,20430.0,19360.0,25930.0,25720.0,30380.0,26520.0,27930.0,26570.0,PG(16:1_18:1),PG(16:1(9)_18:1(9)),PG(16:1(9)_18:1(9)),PG(16:1(9)_18:1(9)),0.8319000000000003
5210,6.928,747.51783,PG 16:0_18:1,[M-H]-,0.93,C40H77O10P,CCCCCCCCCCCCCCCC(=O)OCC(COP(O)(=O)OCC(O)CO)OC(=O)CCCCCCC\C=C/CCCCCCCC,0.0,919700.0,1160000.0,1510000.0,1394000.0,901900.0,1031000.0,1309000.0,1120000.0,0.0,1277000.0,1258000.0,1541000.0,1407000.0,1602000.0,1486000.0,1317000.0,1518000.0,PG(16:0_18:1),PG(16:0_18:1(11)),PG(16:0_18:1(11)),PG(16:0_18:1(9)),1.4076666666666664
5485,7.015,745.50189,PG 16:0_18:2,[M-H]-,0.85,C40H75O10P,CCCCCCCCCCCCCCCC(=O)OCC(COP(O)(=O)OCC(O)CO)OC(=O)CCCCCCC\C=C/C\C=C/CCCCC,136300.0,0.0,0.0,0.0,0.0,0.0,0.0,0.0,0.0,0.0,0.0,0.0,0.0,0.0,0.0,0.0,0.0,0.0,PG(16:0_18:2),"PG(16:0_18:2(9,12))","PG(16:0_18:2(9,12))","PG(16:0_18:2(9,12))",1.2274999999999991
5486,7.015,747.5137,PG 16:0_18:1,[M-H]-,0.91,C40H77O10P,CCCCCCCCCCCCCCCC(=O)OCC(COP(O)(=O)OCC(O)CO)OC(=O)CCCCCCC\C=C/CCCCCCCC,16340.0,0.0,0.0,0.0,0.0,0.0,0.0,0.0,0.0,0.0,0.0,0.0,0.0,0.0,0.0,0.0,0.0,0.0,PG(16:0_18:1),PG(16:0_18:1(11)),PG(16:0_18:1(11)),PG(16:0_18:1(11)),1.5331666666666657
5501,7.022,773.5335,PG 18:1_18:1,[M-H]-,0.98,C42H79O10P,CCCCCCCC\C=C/CCCCCCCC(=O)OCC(COP(O)(=O)OCC(O)CO)OC(=O)CCCCCCC\C=C/CCCCCCCC,0.0,178800.0,145000.0,255600.0,288600.0,155900.0,177100.0,179000.0,198700.0,0.0,179100.0,170900.0,199300.0,181400.0,204100.0,194000.0,172300.0,203200.0,PG(18:1_18:1),PG(18:1(9)_18:1(9)),PG(18:1(9)_18:1(9)),PG(18:1(9)_18:1(9)),1.5920000000000003
5523,7.033,719.48646,PG 16:0_16:1,[M-H]-,0.89,C38H73O10P,CCCCCCCCCCCCCCCC(=O)OCC(COP(O)(=O)OCC(O)CO)OC(=O)CCCCCCC\C=C/CCCCCC,0.0,0.0,0.0,0.0,0.0,0.0,0.0,0.0,0.0,109600.0,0.0,0.0,0.0,0.0,0.0,0.0,0.0,0.0,PG(16:0_16:1),PG(16:0_16:1(9)),PG(16:0_16:1(9)),PG(16:0_16:1(9)),1.4613333333333338
5682,7.087,835.53538,PI 16:0_18:1,[M-H]-,0.94,C43H81O13P,CCCCCCCCCCCCCCCC(=O)OCC(COP(O)(=O)OC1C(O)C(O)C(O)C(O)C1O)OC(=O)CCCCCCC\C=C/CCCCCCCC,0.0,0.0,0.0,0.0,0.0,0.0,0.0,0.0,6990.0,0.0,0.0,0.0,0.0,0.0,0.0,0.0,0.0,0.0,PI(16:0_18:1),PI(16:0_18:1(9)),PI(16:0_18:1(9)),PI(16:0_18:1(9)),2.1793333333333327
5793,7.124,745.50232,PG 16:1_18:1,[M-H]-,0.94,C40H75O10P,CCCCCCCC\C=C/CCCCCCCC(=O)OC(COC(=O)CCCCCCC\C=C/CCCCCC)COP(O)(=O)OCC(O)CO,0.0,0.0,0.0,0.0,0.0,0.0,0.0,0.0,0.0,243700.0,0.0,0.0,0.0,0.0,0.0,0.0,0.0,0.0,PG(16:1_18:1),PG(16:1(9)_18:1(9)),PG(16:1(9)_18:1(9)),PG(16:1(9)_18:1(9)),1.1958999999999995
5818,7.134,731.48677,PG 16:0_17:2,[M-H]-,0.71,C39H73O10P,CCCCCCCCCCCCCCCC(=O)OCC(COP(O)(=O)OCC(O)CO)OC(=O)CCCCCCC\C=C/C\C=C/CCCC,0.0,0.0,0.0,0.0,0.0,0.0,0.0,0.0,0.0,0.0,28430.0,0.0,0.0,0.0,0.0,2369.0,0.0,0.0,PG(16:0_17:2),"PG(16:0_17:2(9,12))","PG(16:0_17:2(9,12))","PG(16:0_17:2(9,12))",1.3814
5862,7.155,771.5176,PG 18:1_18:2,[M-H]-,0.94,C42H77O10P,CCCCCCCC\C=C/CCCCCCCC(=O)OCC(COP(O)(=O)OCC(O)CO)OC(=O)CCCCCCC\C=C/C\C=C/CCCCC,42970.0,0.0,0.0,0.0,5144.0,0.0,0.0,0.0,0.0,9337.0,0.0,0.0,0.0,0.0,0.0,0.0,0.0,0.0,PG(18:1_18:2),"PG(18:1(9)_18:2(9,12))","PG(18:1(9)_18:2(9,12))","PG(18:1(9)_18:2(9,12))",1.5958571428571438
5928,7.176,734.47581,PE 14:0_22:6,[M-H]-,0.98,C41H70NO8P,CCCCCCCCCCCCCC(=O)OCC(COP(O)(=O)OCCN)OC(=O)CC\C=C/C\C=C/C\C=C/C\C=C/C\C=C/C\C=C/CC,0.0,0.0,0.0,0.0,0.0,10310.0,12240.0,61040.0,0.0,0.0,34390.0,50840.0,66960.0,59420.0,0.0,0.0,59190.0,54200.0,PE(14:0_22:6),"PE(14:0_22:6(4,7,10,13,16,19))","PE(14:0_22:6(4,7,10,13,16,19))","PE(14:0_22:6(4,7,10,13,16,19))",1.268384615384615
5982,7.196,747.51791,PG 16:0_18:1,[M-H]-,0.99,C40H77O10P,CCCCCCCCCCCCCCCC(=O)OCC(COP(O)(=O)OCC(O)CO)OC(=O)CCCCCCC\C=C/CCCCCCCC,69920.0,0.0,0.0,0.0,0.0,0.0,0.0,0.0,0.0,0.0,0.0,0.0,0.0,0.0,0.0,0.0,0.0,0.0,PG(16:0_18:1),PG(16:0_18:1(11)),PG(16:0_18:1(11)),PG(16:0_18:1(9)),1.673166666666666
6003,7.202,775.5493,PG 18:0_18:1,[M-H]-,0.96,C42H81O10P,CCCCCCCCCCCCCCCCCC(=O)OCC(COP(O)(=O)OCC(O)CO)OC(=O)CCCCCCC\C=C/CCCCCCCC,0.0,0.0,26440.0,13880.0,9342.0,7000.0,0.0,33690.0,10180.0,0.0,0.0,0.0,45610.0,36550.0,0.0,0.0,49580.0,0.0,PG(18:0_18:1),PG(18:0_18:1(9)),PG(18:0_18:1(9)),PG(18:0_18:1(9)),1.2383333333333335
6019,7.205,871.53361,PI 17:0_20:4,[M-H]-,0.96,C46H81O13P,CCCCCCCCCCCCCCCCC(=O)OCC(COP(O)(=O)OC1C(O)C(O)C(O)C(O)C1O)OC(=O)CCCCCC\C=C/C\C=C/C\C=C/C\C=C/CC,14260.0,0.0,0.0,0.0,0.0,0.0,0.0,0.0,0.0,63660.0,0.0,0.0,0.0,0.0,0.0,0.0,0.0,0.0,PI(17:0_20:4),"PI(17:0_20:4(5,8,11,14))","PI(17:0_20:4(5,8,11,14))","PI(17:0_20:4(5,8,11,14))",2.57838888888889
6284,7.281,801.56476,PG 18:1_20:1,[M-H]-,0.97,C44H83O10P,CCCCCCCC\C=C/CCCCCCCCCC(=O)OC(COC(=O)CCCCCCC\C=C/CCCCCCCC)COP(O)(=O)OCC(O)CO,0.0,0.0,0.0,0.0,8782.0,0.0,0.0,0.0,0.0,0.0,0.0,0.0,16970.0,0.0,0.0,0.0,19570.0,0.0,PG(18:1_20:1),PG(18:1(9)_20:1(11)),PG(18:1(9)_20:1(11)),PG(18:1(9)_20:1(11)),2.050333333333334
6368,7.315,760.48905,PE 16:1_22:6,[M-H]-,0.98,C43H72NO8P,CCCCCC\C=C/CCCCCCCC(=O)OCC(COP(O)(=O)OCCN)OC(=O)CC\C=C/C\C=C/C\C=C/C\C=C/C\C=C/C\C=C/CC,0.0,45720.0,66920.0,50520.0,53730.0,45810.0,43820.0,111300.0,40190.0,0.0,64600.0,114600.0,120400.0,104100.0,67840.0,102600.0,104700.0,91850.0,PE(16:1_22:6),"PE(16:1(9)_22:6(4,7,10,13,16,19))","PE(16:1(9)_22:6(4,7,10,13,16,19))","PE(16:1(9)_22:6(4,7,10,13,16,19))",1.2865333333333335
6379,7.317,773.53342,PG 18:1_18:1,[M-H]-,0.96,C42H79O10P,CCCCCCCC\C=C/CCCCCCCC(=O)OCC(COP(O)(=O)OCC(O)CO)OC(=O)CCCCCCC\C=C/CCCCCCCC,563700.0,0.0,0.0,0.0,0.0,0.0,0.0,0.0,0.0,0.0,0.0,0.0,0.0,0.0,0.0,0.0,0.0,0.0,PG(18:1_18:1),PG(18:1(9)_18:1(9)),PG(18:1(9)_18:1(9)),PG(18:1(9)_18:1(9)),1.8953333333333333
6406,7.324,771.51796,PG 18:1_18:2,[M-H]-,0.94,C42H77O10P,CCCCCCCC\C=C/CCCCCCCC(=O)OCC(COP(O)(=O)OCC(O)CO)OC(=O)CCCCCCC\C=C/C\C=C/CCCCC,0.0,0.0,0.0,0.0,0.0,0.0,0.0,0.0,0.0,77830.0,0.0,0.0,0.0,0.0,0.0,0.0,0.0,0.0,PG(18:1_18:2),"PG(18:1(9)_18:2(9,12))","PG(18:1(9)_18:2(9,12))","PG(18:1(9)_18:2(9,12))",1.8765000000000005
6461,7.34,871.53406,PI 17:0_20:4,[M-H]-,0.96,C46H81O13P,CCCCCCCCCCCCCCCCC(=O)OCC(COP(O)(=O)OC1C(O)C(O)C(O)C(O)C1O)OC(=O)CCCCCC\C=C/C\C=C/C\C=C/C\C=C/CC,0.0,0.0,0.0,0.0,0.0,0.0,0.0,0.0,0.0,100600.0,0.0,0.0,0.0,0.0,0.0,0.0,0.0,0.0,PI(17:0_20:4),"PI(17:0_20:4(5,8,11,14))","PI(17:0_20:4(5,8,11,14))","PI(17:0_20:4(5,8,11,14))",2.7358333333333342
6473,7.342,747.51798,PG 16:0_18:1,[M-H]-,0.99,C40H77O10P,CCCCCCCCCCCCCCCC(=O)OCC(COP(O)(=O)OCC(O)CO)OC(=O)CCCCCCC\C=C/CCCCCCCC,7992.0,0.0,0.0,0.0,0.0,0.0,0.0,0.0,0.0,120900.0,0.0,0.0,0.0,0.0,0.0,0.0,0.0,0.0,PG(16:0_18:1),PG(16:0_18:1(11)),PG(16:0_18:1(11)),PG(16:0_18:1(9)),1.721166666666667
6621,7.384,761.53433,PG 17:0_18:1,[M-H]-,0.85,C41H79O10P,CCCCCCCCCCCCCCCCC(=O)OCC(COP(O)(=O)OCC(O)CO)OC(=O)CCCCCCC\C=C/CCCCCCCC,0.0,0.0,0.0,17770.0,0.0,0.0,0.0,0.0,0.0,0.0,11830.0,8836.0,0.0,0.0,14810.0,0.0,0.0,0.0,PG(17:0_18:1),PG(17:0_18:1(9)),PG(17:0_18:1(9)),PG(17:0_18:1(9)),1.3943333333333332
6752,7.446,773.5338,PG 18:1_18:1,[M-H]-,0.96,C42H79O10P,CCCCCCCC\C=C/CCCCCCCC(=O)OCC(COP(O)(=O)OCC(O)CO)OC(=O)CCCCCCC\C=C/CCCCCCCC,0.0,0.0,0.0,0.0,0.0,0.0,0.0,0.0,0.0,488400.0,0.0,0.0,0.0,0.0,0.0,0.0,0.0,0.0,PG(18:1_18:1),PG(18:1(9)_18:1(9)),PG(18:1(9)_18:1(9)),PG(18:1(9)_18:1(9)),2.0514999999999994
6761,7.45,803.57983,PG 20:0_18:1,[M-H]-,0.98,C44H85O10P,CCCCCCCCCCCCCCCCCCCC(=O)OCC(COP(O)(=O)OCC(O)CO)OC(=O)CCCCCCC\C=C/CCCCCCCC,0.0,21530.0,0.0,0.0,18330.0,22230.0,23130.0,0.0,20090.0,0.0,0.0,0.0,0.0,0.0,0.0,0.0,0.0,0.0,PG(20:0_18:1),PG(20:0_18:1(9)),PG(20:0_18:1(9)),PG(20:0_18:1(9)),1.6340000000000003
6804,7.466,909.54954,PI 18:0_22:6,[M-H]-,0.95,C49H83O13P,CCCCCCCCCCCCCCCCCC(=O)OCC(COP(O)(=O)OC1C(O)C(O)C(O)C(O)C1O)OC(=O)CC\C=C/C\C=C/C\C=C/C\C=C/C\C=C/C\C=C/CC,133400.0,0.0,0.0,0.0,0.0,0.0,0.0,0.0,0.0,0.0,0.0,0.0,0.0,0.0,0.0,0.0,0.0,0.0,PI(18:0_22:6),"PI(18:0_22:6(4,7,10,13,16,19))","PI(18:0_22:6(4,7,10,13,16,19))","PI(18:0_22:6(4,7,10,13,16,19))",2.4530769230769223
6980,7.512,799.54882,PG 18:1_20:2,[M-H]-,0.99,C44H81O10P,CCCCCCCC\C=C/CCCCCCCC(=O)OCC(COP(O)(=O)OCC(O)CO)OC(=O)CCCCCCCCC\C=C/C\C=C/CCCCC,44860.0,0.0,0.0,0.0,0.0,0.0,0.0,0.0,0.0,0.0,0.0,0.0,0.0,0.0,0.0,0.0,0.0,0.0,PG(18:1_20:2),"PG(18:1(9)_20:2(11,14))","PG(18:1(9)_20:2(11,14))","PG(18:1(9)_20:2(11,14))",2.1010714285714287
7106,7.545,817.50115,PG 18:2_22:6,[M-H]-,0.73,C46H75O10P,CCCCC\C=C/C\C=C/CCCCCCCC(=O)OCC(COP(O)(=O)OCC(O)CO)OC(=O)CC\C=C/C\C=C/C\C=C/C\C=C/C\C=C/C\C=C/CC,0.0,0.0,96250.0,86420.0,0.0,0.0,0.0,0.0,0.0,0.0,0.0,74150.0,0.0,0.0,94060.0,0.0,0.0,0.0,PG(18:2_22:6),"PG(18:2(9,12)_22:6(4,7,10,13,16,19))","PG(18:2(9,12)_22:6(4,7,10,13,16,19))","PG(18:2(9,12)_22:6(4,7,10,13,16,19))",2.2465294117647066
7167,7.559,775.54136,PG 18:0_18:1,[M-H]-,0.89,C42H81O10P,CCCCCCCCCCCCCCCCCC(=O)OCC(COP(O)(=O)OCC(O)CO)OC(=O)CCCCCCC\C=C/CCCCCCCC,2414.0,0.0,0.0,0.0,0.0,0.0,0.0,0.0,0.0,0.0,0.0,0.0,0.0,0.0,0.0,0.0,0.0,0.0,PG(18:0_18:1),PG(18:0_18:1(9)),PG(18:0_18:1(9)),PG(18:0_18:1(9)),1.2941666666666667
7190,7.569,909.54967,PI 18:0_22:6,[M-H]-,0.95,C49H83O13P,CCCCCCCCCCCCCCCCCC(=O)OCC(COP(O)(=O)OC1C(O)C(O)C(O)C(O)C1O)OC(=O)CC\C=C/C\C=C/C\C=C/C\C=C/C\C=C/C\C=C/CC,0.0,0.0,0.0,0.0,0.0,0.0,0.0,0.0,0.0,820100.0,0.0,0.0,0.0,0.0,0.0,0.0,0.0,0.0,PI(18:0_22:6),"PI(18:0_22:6(4,7,10,13,16,19))","PI(18:0_22:6(4,7,10,13,16,19))","PI(18:0_22:6(4,7,10,13,16,19))",2.526038461538464
7248,7.587,835.53395,PI 16:0_18:1,[M-H]-,0.95,C43H81O13P,CCCCCCCCCCCCCCCC(=O)OCC(COP(O)(=O)OC1C(O)C(O)C(O)C(O)C1O)OC(=O)CCCCCCC\C=C/CCCCCCCC,158400.0,0.0,0.0,0.0,0.0,0.0,0.0,0.0,0.0,0.0,0.0,0.0,0.0,0.0,0.0,0.0,0.0,0.0,PI(16:0_18:1),PI(16:0_18:1(9)),PI(16:0_18:1(9)),PI(16:0_18:1(9)),2.3431666666666677
7281,7.599,759.51832,PG 17:1_18:1,[M-H]-,0.9,C41H77O10P,CCCCCCCC\C=C/CCCCCCCC(=O)OC(COC(=O)CCCCCCC\C=C/CCCCCCC)COP(O)(=O)OCC(O)CO,0.0,0.0,0.0,0.0,0.0,0.0,0.0,0.0,0.0,9908.0,0.0,0.0,0.0,0.0,0.0,0.0,0.0,0.0,PG(17:1_18:1),PG(17:1(9)_18:1(9)),PG(17:1(9)_18:1(9)),PG(17:1(9)_18:1(9)),1.4250000000000003
7470,7.639,817.50096,PG 18:2_22:6,[M-H]-,0.73,C46H75O10P,CCCCC\C=C/C\C=C/CCCCCCCC(=O)OCC(COP(O)(=O)OCC(O)CO)OC(=O)CC\C=C/C\C=C/C\C=C/C\C=C/C\C=C/C\C=C/CC,0.0,0.0,0.0,0.0,0.0,0.0,0.0,59000.0,0.0,0.0,84920.0,0.0,64600.0,65780.0,0.0,66690.0,58340.0,59800.0,PG(18:2_22:6),"PG(18:2(9,12)_22:6(4,7,10,13,16,19))","PG(18:2(9,12)_22:6(4,7,10,13,16,19))","PG(18:2(9,12)_22:6(4,7,10,13,16,19))",2.3353529411764695
7491,7.646,799.54981,PG 18:1_20:2,[M-H]-,0.98,C44H81O10P,CCCCCCCC\C=C/CCCCCCCC(=O)OCC(COP(O)(=O)OCC(O)CO)OC(=O)CCCCCCCCC\C=C/C\C=C/CCCCC,0.0,0.0,0.0,0.0,0.0,0.0,0.0,0.0,0.0,35660.0,0.0,0.0,0.0,0.0,0.0,0.0,0.0,0.0,PG(18:1_20:2),"PG(18:1(9)_20:2(11,14))","PG(18:1(9)_20:2(11,14))","PG(18:1(9)_20:2(11,14))",2.1385
7638,7.693,835.53429,PI 16:0_18:1,[M-H]-,0.95,C43H81O13P,CCCCCCCCCCCCCCCC(=O)OCC(COP(O)(=O)OC1C(O)C(O)C(O)C(O)C1O)OC(=O)CCCCCCC\C=C/CCCCCCCC,0.0,0.0,0.0,0.0,0.0,0.0,0.0,0.0,0.0,551900.0,0.0,0.0,0.0,0.0,0.0,0.0,0.0,0.0,PI(16:0_18:1),PI(16:0_18:1(9)),PI(16:0_18:1(9)),PI(16:0_18:1(9)),2.2408333333333337
7805,7.747,786.53049,PS 18:1_18:1,[M-H]-,0.84,C42H78NO10P,CCCCCCCC\C=C/CCCCCCCC(=O)OCC(COP(O)(=O)OCC(N)C(O)=O)OC(=O)CCCCCCC\C=C/CCCCCCCC,0.0,0.0,0.0,0.0,0.0,0.0,0.0,0.0,0.0,0.0,0.0,24930.0,0.0,0.0,0.0,0.0,0.0,0.0,PS(18:1_18:1),PS(18:1(9)_18:1(9)),PS(18:1(9)_18:1(9)),PS(18:1(9)_18:1(9)),1.2959999999999998
7893,7.771,719.48669,PG 16:0_16:1,[M-H]-,0.72,C38H73O10P,CCCCCCCCCCCCCCCC(=O)OCC(COP(O)(=O)OCC(O)CO)OC(=O)CCCCCCC\C=C/CCCCCC,70220.0,0.0,0.0,0.0,0.0,0.0,0.0,0.0,0.0,26450.0,0.0,0.0,0.0,0.0,0.0,0.0,0.0,0.0,PG(16:0_16:1),PG(16:0_16:1(9)),PG(16:0_16:1(9)),PG(16:0_16:1(9)),1.496666666666668
8131,7.831,747.51802,PG 16:0_18:1,[M-H]-,0.9,C40H77O10P,CCCCCCCCCCCCCCCC(=O)OCC(COP(O)(=O)OCC(O)CO)OC(=O)CCCCCCC\C=C/CCCCCCCC,745400.0,8252.0,0.0,0.0,13710.0,8983.0,5179.0,1065.0,7901.0,0.0,0.0,0.0,0.0,0.0,0.0,0.0,2807.0,0.0,PG(16:0_18:1),PG(16:0_18:1(11)),PG(16:0_18:1(11)),PG(16:0_18:1(11)),1.8806666666666665
8141,7.835,745.5022,PG 16:0_18:2,[M-H]-,0.74,C40H75O10P,CCCCCCCCCCCCCCCC(=O)OCC(COP(O)(=O)OCC(O)CO)OC(=O)CCCCCCC\C=C/C\C=C/CCCCC,64660.0,0.0,0.0,0.0,0.0,0.0,0.0,0.0,0.0,0.0,0.0,0.0,0.0,0.0,0.0,0.0,0.0,0.0,PG(16:0_18:2),"PG(16:0_18:2(9,12))","PG(16:0_18:2(9,12))","PG(16:0_18:2(9,12))",1.1724000000000003
8183,7.851,835.53485,PI 16:0_18:1,[M-H]-,0.92,C43H81O13P,CCCCCCCCCCCCCCCC(=O)OCC(COP(O)(=O)OC1C(O)C(O)C(O)C(O)C1O)OC(=O)CCCCCCC\C=C/CCCCCCCC,4685.0,0.0,0.0,0.0,0.0,0.0,0.0,0.0,0.0,0.0,0.0,0.0,0.0,0.0,0.0,0.0,0.0,0.0,PI(16:0_18:1),PI(16:0_18:1(9)),PI(16:0_18:1(9)),PI(16:0_18:1(9)),2.092166666666666
8329,7.898,748.52107,PC 14:0_16:1,[M+HCOO]-,0.77,C38H74NO8P,CCCCCCCCCCCCCC(=O)OCC(COP([O-])(=O)OCC[N+](C)(C)C)OC(=O)CCCCCCC\C=C/CCCCCC,342100.0,0.0,0.0,0.0,6063.0,0.0,0.0,0.0,0.0,545000.0,0.0,0.0,0.0,0.0,0.0,0.0,0.0,0.0,PC(14:0_16:1),PC(14:0_16:1(9)),PC(14:0_16:1(9)),PC(14:0_16:1(9)),2.095
8365,7.908,774.50583,PE 17:1_22:6,[M-H]-,0.99,C44H74NO8P,CCCCCCC\C=C/CCCCCCCC(=O)OCC(COP(O)(=O)OCCN)OC(=O)CC\C=C/C\C=C/C\C=C/C\C=C/C\C=C/C\C=C/CC,0.0,0.0,0.0,0.0,0.0,0.0,0.0,12530.0,0.0,0.0,11150.0,0.0,15520.0,13740.0,0.0,14120.0,12670.0,11880.0,PE(17:1_22:6),"PE(17:1(9)_22:6(4,7,10,13,16,19))","PE(17:1(9)_22:6(4,7,10,13,16,19))","PE(17:1(9)_22:6(4,7,10,13,16,19))",1.6574999999999989
8425,7.922,786.52895,PS 18:1_18:1,[M-H]-,0.84,C42H78NO10P,CCCCCCCC\C=C/CCCCCCCC(=O)OCC(COP(O)(=O)OCC(N)C(O)=O)OC(=O)CCCCCCC\C=C/CCCCCCCC,0.0,0.0,0.0,0.0,0.0,0.0,0.0,0.0,0.0,0.0,0.0,13240.0,0.0,0.0,0.0,0.0,0.0,0.0,PS(18:1_18:1),PS(18:1(9)_18:1(9)),PS(18:1(9)_18:1(9)),PS(18:1(9)_18:1(9)),1.5164999999999995
8559,7.96,775.54774,PG 18:0_18:1,[M-H]-,0.94,C42H81O10P,CCCCCCCCCCCCCCCCCC(=O)OCC(COP(O)(=O)OCC(O)CO)OC(=O)CCCCCCC\C=C/CCCCCCCC,0.0,76110.0,133900.0,191600.0,111300.0,74960.0,85430.0,137100.0,80620.0,0.0,142100.0,130900.0,162400.0,155200.0,184100.0,155000.0,138700.0,160500.0,PG(18:0_18:1),PG(18:0_18:1(9)),PG(18:0_18:1(9)),PG(18:0_18:1(9)),1.848166666666667
8610,7.972,747.51788,PG 16:0_18:1,[M-H]-,0.93,C40H77O10P,CCCCCCCCCCCCCCCC(=O)OCC(COP(O)(=O)OCC(O)CO)OC(=O)CCCCCCC\C=C/CCCCCCCC,0.0,0.0,0.0,0.0,0.0,0.0,0.0,0.0,0.0,1241000.0,0.0,0.0,0.0,0.0,0.0,0.0,0.0,0.0,PG(16:0_18:1),PG(16:0_18:1(11)),PG(16:0_18:1(11)),PG(16:0_18:1(11)),2.1778333333333353
8778,8.005,773.5333,PG 18:1_18:1,[M-H]-,0.97,C42H79O10P,CCCCCCCC\C=C/CCCCCCCC(=O)OCC(COP(O)(=O)OCC(O)CO)OC(=O)CCCCCCC\C=C/CCCCCCCC,162100.0,0.0,0.0,0.0,0.0,0.0,0.0,0.0,0.0,189800.0,0.0,0.0,0.0,0.0,0.0,0.0,0.0,0.0,PG(18:1_18:1),PG(18:1(9)_18:1(9)),PG(18:1(9)_18:1(9)),PG(18:1(9)_18:1(9)),1.9234999999999982
8943,8.052,734.47579,PE 14:0_22:6,[M-H]-,0.99,C41H70NO8P,CCCCCCCCCCCCCC(=O)OCC(COP(O)(=O)OCCN)OC(=O)CC\C=C/C\C=C/C\C=C/C\C=C/C\C=C/C\C=C/CC,12580.0,0.0,0.0,0.0,0.0,0.0,0.0,0.0,0.0,0.0,0.0,0.0,0.0,0.0,0.0,0.0,0.0,0.0,PE(14:0_22:6),"PE(14:0_22:6(4,7,10,13,16,19))","PE(14:0_22:6(4,7,10,13,16,19))","PE(14:0_22:6(4,7,10,13,16,19))",1.226153846153846
9554,8.223,700.49171,PE 16:1_17:1,[M-H]-,0.98,C38H72NO8P,CCCCCCC\C=C/CCCCCCCC(=O)OC(COC(=O)CCCCCCC\C=C/CCCCCC)COP(O)(=O)OCCN,0.0,11950.0,11710.0,0.0,6728.0,9134.0,14320.0,11000.0,9292.0,0.0,0.0,0.0,15350.0,0.0,0.0,0.0,19330.0,0.0,PE(16:1_17:1),PE(16:1(9)_17:1(9)),PE(16:1(9)_17:1(9)),PE(16:1(9)_17:1(9)),1.0182
9608,8.242,775.55091,PG 18:0_18:1,[M-H]-,0.98,C42H81O10P,CCCCCCCCCCCCCCCCCC(=O)OCC(COP(O)(=O)OCC(O)CO)OC(=O)CCCCCCC\C=C/CCCCCCCC,0.0,0.0,0.0,0.0,0.0,0.0,0.0,0.0,0.0,32290.0,0.0,0.0,0.0,0.0,0.0,0.0,0.0,0.0,PG(18:0_18:1),PG(18:0_18:1(9)),PG(18:0_18:1(9)),PG(18:0_18:1(9)),2.0238333333333345
9910,8.314,762.507,PE 16:0_22:6,[M-H]-,0.99,C43H74NO8P,CCCCCCCCCCCCCCCC(=O)OCC(COP(O)(=O)OCCN)OC(=O)CC\C=C/C\C=C/C\C=C/C\C=C/C\C=C/C\C=C/CC,0.0,0.0,0.0,0.0,0.0,0.0,0.0,0.0,0.0,0.0,0.0,0.0,0.0,0.0,308400.0,0.0,0.0,0.0,PE(16:0_22:6),"PE(16:0_22:6(4,7,10,13,16,19))","PE(16:0_22:6(4,7,10,13,16,19))","PE(16:0_22:6(4,7,10,13,16,19))",2.0428076923076928
9956,8.32,801.56722,PG 18:1_20:1,[M-H]-,0.95,C44H83O10P,CCCCCCCC\C=C/CCCCCCCCCC(=O)OC(COC(=O)CCCCCCC\C=C/CCCCCCCC)COP(O)(=O)OCC(O)CO,0.0,0.0,0.0,0.0,0.0,0.0,0.0,0.0,0.0,12480.0,0.0,0.0,0.0,0.0,0.0,0.0,0.0,0.0,PG(18:1_20:1),PG(18:1(9)_20:1(11)),PG(18:1(9)_20:1(11)),PG(18:1(9)_20:1(11)),2.177333333333334
9962,8.321,712.49122,PE 16:1_18:2,[M-H]-,1.0,C39H72NO8P,CCCCCC\C=C/CCCCCCCC(=O)OCC(COP(O)(=O)OCCN)OC(=O)CCCCCCC\C=C/C\C=C/CCCCC,0.0,11790.0,0.0,0.0,0.0,0.0,11430.0,0.0,0.0,0.0,0.0,0.0,0.0,0.0,0.0,0.0,0.0,0.0,PE(16:1_18:2),"PE(16:1(9)_18:2(9,12))","PE(16:1(9)_18:2(9,12))","PE(16:1(9)_18:2(9,12))",1.1664999999999996
9967,8.325,834.52708,PS 18:0_22:6,[M-H]-,0.74,C46H78NO10P,CCCCCCCCCCCCCCCCCC(=O)OCC(COP(O)(=O)OCC(N)C(O)=O)OC(=O)CC\C=C/C\C=C/C\C=C/C\C=C/C\C=C/C\C=C/CC,0.0,0.0,0.0,0.0,0.0,0.0,7835.0,0.0,10020.0,152000.0,0.0,0.0,0.0,0.0,0.0,0.0,0.0,0.0,PS(18:0_22:6),"PS(18:0_22:6(4,7,10,13,16,19))","PS(18:0_22:6(4,7,10,13,16,19))","PS(18:0_22:6(4,7,10,13,16,19))",2.2705769230769217
10193,8.386,762.50673,PE 16:0_22:6,[M-H]-,0.99,C43H74NO8P,CCCCCCCCCCCCCCCC(=O)OCC(COP(O)(=O)OCCN)OC(=O)CC\C=C/C\C=C/C\C=C/C\C=C/C\C=C/C\C=C/CC,0.0,126300.0,231800.0,264100.0,143900.0,119300.0,126700.0,398500.0,114400.0,0.0,273300.0,261300.0,392700.0,400600.0,0.0,372600.0,407700.0,359700.0,PE(16:0_22:6),"PE(16:0_22:6(4,7,10,13,16,19))","PE(16:0_22:6(4,7,10,13,16,19))","PE(16:0_22:6(4,7,10,13,16,19))",2.145384615384616
10231,8.394,803.57967,PG 20:0_18:1,[M-H]-,0.98,C44H85O10P,CCCCCCCCCCCCCCCCCCCC(=O)OCC(COP(O)(=O)OCC(O)CO)OC(=O)CCCCCCC\C=C/CCCCCCCC,15610.0,0.0,0.0,0.0,0.0,0.0,0.0,0.0,0.0,0.0,0.0,0.0,0.0,0.0,0.0,0.0,0.0,0.0,PG(20:0_18:1),PG(20:0_18:1(9)),PG(20:0_18:1(9)),PG(20:0_18:1(9)),1.5211666666666661
10448,8.428,788.52244,PE 18:1_22:6,[M-H]-,0.99,C45H76NO8P,CCCCCCCC\C=C/CCCCCCCC(=O)OCC(COP(O)(=O)OCCN)OC(=O)CC\C=C/C\C=C/C\C=C/C\C=C/C\C=C/C\C=C/CC,0.0,0.0,256700.0,245200.0,0.0,0.0,0.0,0.0,0.0,0.0,270000.0,290900.0,0.0,0.0,331200.0,0.0,0.0,0.0,PE(18:1_22:6),"PE(18:1(9)_22:6(4,7,10,13,16,19))","PE(18:1(9)_22:6(4,7,10,13,16,19))","PE(18:1(9)_22:6(4,7,10,13,16,19))",2.350500000000001
10713,8.48,801.56638,PG 18:1_20:1,[M-H]-,0.95,C44H83O10P,CCCCCCCC\C=C/CCCCCCCCCC(=O)OC(COC(=O)CCCCCCC\C=C/CCCCCCCC)COP(O)(=O)OCC(O)CO,0.0,0.0,0.0,0.0,0.0,0.0,0.0,0.0,0.0,1559.0,0.0,0.0,0.0,0.0,0.0,0.0,0.0,0.0,PG(18:1_20:1),PG(18:1(9)_20:1(11)),PG(18:1(9)_20:1(11)),PG(18:1(9)_20:1(11)),2.5076666666666676
10951,8.53,788.52222,PE 18:1_22:6,[M-H]-,0.99,C45H76NO8P,CCCCCCCC\C=C/CCCCCCCC(=O)OCC(COP(O)(=O)OCCN)OC(=O)CC\C=C/C\C=C/C\C=C/C\C=C/C\C=C/C\C=C/CC,0.0,230900.0,0.0,0.0,289200.0,216300.0,228200.0,413500.0,205500.0,0.0,0.0,0.0,431400.0,433400.0,0.0,399000.0,418700.0,390700.0,PE(18:1_22:6),"PE(18:1(9)_22:6(4,7,10,13,16,19))","PE(18:1(9)_22:6(4,7,10,13,16,19))","PE(18:1(9)_22:6(4,7,10,13,16,19))",2.4188333333333314
10978,8.537,736.49124,PE 16:0_20:5,[M-H]-,0.99,C41H72NO8P,CCCCCCCCCCCCCCCC(=O)OCC(COP(O)(=O)OCCN)OC(=O)CCC\C=C/C\C=C/C\C=C/C\C=C/C\C=C/CC,60160.0,0.0,0.0,0.0,0.0,0.0,0.0,0.0,0.0,0.0,0.0,0.0,0.0,0.0,0.0,0.0,0.0,0.0,PE(16:0_20:5),"PE(16:0_20:5(5,8,11,14,17))","PE(16:0_20:5(5,8,11,14,17))","PE(16:0_20:5(5,8,11,14,17))",1.6299545454545485
11103,8.559,817.50167,PG 18:2_22:6,[M-H]-,0.73,C46H75O10P,CCCCC\C=C/C\C=C/CCCCCCCC(=O)OCC(COP(O)(=O)OCC(O)CO)OC(=O)CC\C=C/C\C=C/C\C=C/C\C=C/C\C=C/C\C=C/CC,0.0,0.0,0.0,0.0,0.0,0.0,0.0,0.0,0.0,42390.0,0.0,0.0,0.0,0.0,0.0,0.0,0.0,0.0,PG(18:2_22:6),"PG(18:2(9,12)_22:6(4,7,10,13,16,19))","PG(18:2(9,12)_22:6(4,7,10,13,16,19))","PG(18:2(9,12)_22:6(4,7,10,13,16,19))",2.6618529411764675
11510,8.671,786.50504,PE 18:2_22:6,[M-H]-,0.99,C45H74NO8P,CCCCC\C=C/C\C=C/CCCCCCCC(=O)OCC(COP(O)(=O)OCCN)OC(=O)CC\C=C/C\C=C/C\C=C/C\C=C/C\C=C/C\C=C/CC,0.0,0.0,0.0,0.0,0.0,0.0,0.0,0.0,0.0,15000.0,0.0,0.0,0.0,0.0,0.0,0.0,0.0,0.0,PE(18:2_22:6),"PE(18:2(9,12)_22:6(4,7,10,13,16,19))","PE(18:2(9,12)_22:6(4,7,10,13,16,19))","PE(18:2(9,12)_22:6(4,7,10,13,16,19))",2.4150294117647064
11618,8.69,740.51685,PE 16:0_20:3,[M-H]-,0.91,C41H76NO8P,CCCCCCCCCCCCCCCC(=O)OCC(COP(O)(=O)OCCN)OC(=O)CCCCCCCCC\C=C/C\C=C/C\C=C/CC,0.0,0.0,0.0,0.0,0.0,0.0,0.0,0.0,0.0,0.0,5369.0,0.0,0.0,0.0,7230.0,0.0,0.0,0.0,PE(16:0_20:3),"PE(16:0_20:3(8,11,14))","PE(16:0_20:3(8,11,14))","PE(16:0_20:3(8,11,14))",2.238142857142857
11812,8.729,712.49097,PE 16:1_18:2,[M-H]-,0.98,C39H72NO8P,CCCCCC\C=C/CCCCCCCC(=O)OCC(COP(O)(=O)OCCN)OC(=O)CCCCCCC\C=C/C\C=C/CCCCC,112800.0,0.0,0.0,0.0,0.0,0.0,0.0,0.0,0.0,0.0,0.0,0.0,0.0,0.0,0.0,0.0,0.0,0.0,PE(16:1_18:2),"PE(16:1(9)_18:2(9,12))","PE(16:1(9)_18:2(9,12))","PE(16:1(9)_18:2(9,12))",2.063285714285713
11947,8.75,748.49181,PE 15:0_22:6,[M-H]-,0.99,C42H72NO8P,CCCCCCCCCCCCCCC(=O)OCC(COP(O)(=O)OCCN)OC(=O)CC\C=C/C\C=C/C\C=C/C\C=C/C\C=C/C\C=C/CC,0.0,0.0,0.0,0.0,0.0,0.0,0.0,0.0,0.0,12640.0,0.0,0.0,0.0,0.0,0.0,0.0,0.0,0.0,PE(15:0_22:6),"PE(15:0_22:6(4,7,10,13,16,19))","PE(15:0_22:6(4,7,10,13,16,19))","PE(15:0_22:6(4,7,10,13,16,19))",2.4243461538461535
12768,8.881,819.51587,PG 18:1_22:6,[M-H]-,0.74,C46H77O10P,CCCCCCCC\C=C/CCCCCCCC(=O)OCC(COP(O)(=O)OCC(O)CO)OC(=O)CC\C=C/C\C=C/C\C=C/C\C=C/C\C=C/C\C=C/CC,0.0,32250.0,0.0,0.0,0.0,25520.0,31820.0,0.0,23450.0,0.0,0.0,0.0,0.0,20310.0,0.0,21550.0,22960.0,0.0,PG(18:1_22:6),"PG(18:1(9)_22:6(4,7,10,13,16,19))","PG(18:1(9)_22:6(4,7,10,13,16,19))","PG(18:1(9)_22:6(4,7,10,13,16,19))",2.7854666666666668
12833,8.894,774.50649,PE 17:1_22:6,[M-H]-,0.99,C44H74NO8P,CCCCCCC\C=C/CCCCCCCC(=O)OCC(COP(O)(=O)OCCN)OC(=O)CC\C=C/C\C=C/C\C=C/C\C=C/C\C=C/C\C=C/CC,0.0,0.0,0.0,0.0,0.0,0.0,0.0,0.0,0.0,27210.0,0.0,0.0,0.0,0.0,0.0,0.0,0.0,0.0,PE(17:1_22:6),"PE(17:1(9)_22:6(4,7,10,13,16,19))","PE(17:1(9)_22:6(4,7,10,13,16,19))","PE(17:1(9)_22:6(4,7,10,13,16,19))",2.113366666666666
12937,8.907,775.54761,PG 18:0_18:1,[M-H]-,0.96,C42H81O10P,CCCCCCCCCCCCCCCCCC(=O)OCC(COP(O)(=O)OCC(O)CO)OC(=O)CCCCCCC\C=C/CCCCCCCC,68120.0,0.0,0.0,0.0,0.0,0.0,0.0,0.0,0.0,144100.0,0.0,0.0,0.0,0.0,0.0,0.0,0.0,0.0,PG(18:0_18:1),PG(18:0_18:1(9)),PG(18:0_18:1(9)),PG(18:0_18:1(9)),2.321833333333333
13917,9.127,712.49087,PE 16:1_18:2,[M-H]-,0.99,C39H72NO8P,CCCCCC\C=C/CCCCCCCC(=O)OCC(COP(O)(=O)OCCN)OC(=O)CCCCCCC\C=C/C\C=C/CCCCC,8689.0,0.0,0.0,0.0,0.0,0.0,0.0,0.0,0.0,0.0,0.0,0.0,0.0,0.0,0.0,0.0,0.0,0.0,PE(16:1_18:2),"PE(16:1(9)_18:2(9,12))","PE(16:1(9)_18:2(9,12))","PE(16:1(9)_18:2(9,12))",1.9315714285714276
14588,9.312,762.50668,PE 16:0_22:6,[M-H]-,0.99,C43H74NO8P,CCCCCCCCCCCCCCCC(=O)OCC(COP(O)(=O)OCCN)OC(=O)CC\C=C/C\C=C/C\C=C/C\C=C/C\C=C/C\C=C/CC,140000.0,0.0,0.0,0.0,0.0,0.0,0.0,0.0,0.0,543700.0,0.0,0.0,0.0,0.0,0.0,0.0,0.0,0.0,PE(16:0_22:6),"PE(16:0_22:6(4,7,10,13,16,19))","PE(16:0_22:6(4,7,10,13,16,19))","PE(16:0_22:6(4,7,10,13,16,19))",2.3856923076923073
14727,9.35,788.52217,PE 18:1_22:6,[M-H]-,0.99,C45H76NO8P,CCCCCCCC\C=C/CCCCCCCC(=O)OCC(COP(O)(=O)OCCN)OC(=O)CC\C=C/C\C=C/C\C=C/C\C=C/C\C=C/C\C=C/CC,228700.0,0.0,0.0,0.0,0.0,0.0,0.0,0.0,0.0,0.0,0.0,0.0,0.0,0.0,0.0,0.0,0.0,0.0,PE(18:1_22:6),"PE(18:1(9)_22:6(4,7,10,13,16,19))","PE(18:1(9)_22:6(4,7,10,13,16,19))","PE(18:1(9)_22:6(4,7,10,13,16,19))",2.040400000000001
14944,9.402,802.55929,PC 16:1_18:1,[M+HCOO]-,0.91,C42H80NO8P,CCCCCCCC\C=C/CCCCCCCC(=O)OC(COC(=O)CCCCCCC\C=C/CCCCCC)COP([O-])(=O)OCC[N+](C)(C)C,0.0,0.0,0.0,0.0,0.0,0.0,0.0,0.0,0.0,9344.0,0.0,0.0,0.0,0.0,0.0,0.0,0.0,0.0,PC(16:1_18:1),PC(16:1(2)_18:1(9)),PC(16:1(2)_18:1(9)),PC(16:1(9)_18:1(11)),1.8741666666666676
15152,9.448,802.55963,PC 16:1_18:1,[M+HCOO]-,0.91,C42H80NO8P,CCCCCCCC\C=C/CCCCCCCC(=O)OC(COC(=O)CCCCCCC\C=C/CCCCCC)COP([O-])(=O)OCC[N+](C)(C)C,0.0,0.0,0.0,0.0,0.0,0.0,0.0,0.0,0.0,9714.0,0.0,0.0,0.0,0.0,0.0,0.0,0.0,0.0,PC(16:1_18:1),PC(16:1(2)_18:1(9)),PC(16:1(2)_18:1(9)),PC(16:1(9)_18:1(11)),1.9005000000000007
15677,9.578,699.48879,PA 18:1_18:1,[M-H]-,0.91,C39H73O8P,CCCCCCCC\C=C/CCCCCCCC(=O)OCC(COP(O)(O)=O)OC(=O)CCCCCCC\C=C/CCCCCCCC,0.0,0.0,15670.0,31400.0,0.0,0.0,0.0,0.0,0.0,0.0,0.0,25200.0,0.0,0.0,22390.0,0.0,0.0,0.0,PA(18:1_18:1),PA(18:1(9)_18:1(9)),PA(18:1(9)_18:1(9)),PA(18:1(9)_18:1(9)),1.0734999999999995
15717,9.591,802.55951,PC 16:1_18:1,[M+HCOO]-,0.91,C42H80NO8P,CCCCCCCC\C=C/CCCCCCCC(=O)OC(COC(=O)CCCCCCC\C=C/CCCCCC)COP([O-])(=O)OCC[N+](C)(C)C,0.0,0.0,0.0,0.0,0.0,0.0,0.0,0.0,0.0,6414.0,0.0,0.0,0.0,0.0,0.0,0.0,0.0,0.0,PC(16:1_18:1),PC(16:1(2)_18:1(9)),PC(16:1(2)_18:1(9)),PC(16:1(9)_18:1(11)),1.976166666666665
16164,9.696,804.57567,PC 16:0_18:1,[M+HCOO]-,0.93,C42H82NO8P,CCCCCCCCCCCCCCCC(=O)OCC(COP([O-])(=O)OCC[N+](C)(C)C)OC(=O)CCCCCCC\C=C/CCCCCCCC,0.0,0.0,0.0,0.0,0.0,0.0,0.0,0.0,0.0,0.0,0.0,0.0,0.0,0.0,0.0,0.0,0.0,10520.0,PC(16:0_18:1),PC(16:0_18:1(11)),PC(16:0_18:1(11)),PC(16:0_18:1(11)),2.518499999999998
16231,9.707,699.48822,PA 18:1_18:1,[M-H]-,0.91,C39H73O8P,CCCCCCCC\C=C/CCCCCCCC(=O)OCC(COP(O)(O)=O)OC(=O)CCCCCCC\C=C/CCCCCCCC,0.0,0.0,36950.0,12600.0,35950.0,57160.0,55550.0,29230.0,58710.0,0.0,51600.0,0.0,29350.0,30070.0,34660.0,0.0,51430.0,57340.0,PA(18:1_18:1),PA(18:1(9)_18:1(9)),PA(18:1(9)_18:1(9)),PA(18:1(9)_18:1(9)),1.148833333333333
16409,9.74,804.57523,PC 16:0_18:1,[M+HCOO]-,0.86,C42H82NO8P,CCCCCCCCCCCCCCCC(=O)OCC(COP([O-])(=O)OCC[N+](C)(C)C)OC(=O)CCCCCCC\C=C/CCCCCCCC,0.0,0.0,0.0,0.0,0.0,0.0,0.0,0.0,0.0,0.0,0.0,0.0,14650.0,0.0,0.0,16400.0,0.0,6517.0,PC(16:0_18:1),PC(16:0_18:1(11)),PC(16:0_18:1(11)),PC(16:0_18:1(11)),2.5298333333333316
16516,9.764,819.51572,PG 18:1_22:6,[M-H]-,0.74,C46H77O10P,CCCCCCCC\C=C/CCCCCCCC(=O)OCC(COP(O)(=O)OCC(O)CO)OC(=O)CC\C=C/C\C=C/C\C=C/C\C=C/C\C=C/C\C=C/CC,0.0,0.0,0.0,0.0,0.0,0.0,0.0,0.0,0.0,35670.0,0.0,0.0,0.0,0.0,0.0,0.0,0.0,0.0,PG(18:1_22:6),"PG(18:1(9)_22:6(4,7,10,13,16,19))","PG(18:1(9)_22:6(4,7,10,13,16,19))","PG(18:1(9)_22:6(4,7,10,13,16,19))",2.0341000000000014
17189,9.954,776.52282,PE 17:0_22:6,[M-H]-,0.98,C44H76NO8P,CCCCCCCCCCCCCCCCC(=O)OCC(COP(O)(=O)OCCN)OC(=O)CC\C=C/C\C=C/C\C=C/C\C=C/C\C=C/C\C=C/CC,0.0,0.0,0.0,0.0,0.0,0.0,0.0,0.0,0.0,19930.0,0.0,0.0,0.0,0.0,0.0,0.0,0.0,0.0,PE(17:0_22:6),"PE(17:0_22:6(4,7,10,13,16,19))","PE(17:0_22:6(4,7,10,13,16,19))","PE(17:0_22:6(4,7,10,13,16,19))",1.676269230769231
19030,10.493,673.4807,PA 16:0_18:1,[M-H]-,0.93,C37H71O8P,CCCCCCCCCCCCCCCC(=O)OCC(COP(O)(O)=O)OC(=O)CCCCCCC\C=C/CCCCCCCC,0.0,0.0,0.0,0.0,0.0,0.0,0.0,0.0,0.0,19590.0,0.0,0.0,0.0,0.0,0.0,0.0,0.0,0.0,PA(16:0_18:1),PA(16:0_18:1(11)),PA(16:0_18:1(11)),PA(16:0_18:1(9)),0.7771666666666665
19077,10.509,804.57553,PC 16:0_18:1,[M+HCOO]-,0.92,C42H82NO8P,CCCCCCCCCCCCCCCC(=O)OCC(COP([O-])(=O)OCC[N+](C)(C)C)OC(=O)CCCCCCC\C=C/CCCCCCCC,0.0,0.0,0.0,0.0,0.0,0.0,0.0,0.0,0.0,61180.0,0.0,0.0,0.0,0.0,0.0,0.0,0.0,0.0,PC(16:0_18:1),PC(16:0_18:1(11)),PC(16:0_18:1(11)),PC(16:0_18:1(6)),1.1956666666666662
19812,10.795,780.55617,PE 19:0_20:4,[M-H]-,0.86,C44H80NO8P,CCCCCCCCCCCCCCCCCCC(=O)OCC(COP(O)(=O)OCCN)OC(=O)CCCCCC\C=C/C\C=C/C\C=C/C\C=C/CC,0.0,0.0,0.0,0.0,0.0,0.0,0.0,0.0,0.0,0.0,0.0,0.0,0.0,0.0,6417.0,0.0,0.0,0.0,PE(19:0_20:4),"PE(19:0_20:4(5,8,11,14))","PE(19:0_20:4(5,8,11,14))","PE(19:0_20:4(5,8,11,14))",0.9080555555555553
21309,11.357,794.56798,PE 20:1_20:3,[M-H]-,0.8,C45H82NO8P,CCCCCCCC\C=C/CCCCCCCCCC(=O)OCC(COP(O)(=O)OCCN)OC(=O)CCCCCCCCC\C=C/C\C=C/C\C=C/CC,0.0,0.0,0.0,0.0,0.0,2781.0,0.0,0.0,0.0,0.0,0.0,0.0,0.0,0.0,0.0,0.0,0.0,0.0,PE(20:1_20:3),"PE(20:1(11)_20:3(8,11,14))","PE(20:1(11)_20:3(8,11,14))","PE(20:1(11)_20:3(8,11,14))",1.2845
22707,11.908,796.58685,PE 18:1_22:2,[M-H]-,0.99,C45H84NO8P,CCCCCCCC\C=C/CCCCCCCC(=O)OCC(COP(O)(=O)OCCN)OC(=O)CCCCCCCCCCC\C=C/C\C=C/CCCCC,0.0,0.0,0.0,3802.0,0.0,0.0,0.0,11680.0,0.0,0.0,0.0,0.0,14430.0,0.0,0.0,0.0,15150.0,6720.0,PE(18:1_22:2),"PE(18:1(9)_22:2(13,16))","PE(18:1(9)_22:2(13,16))","PE(18:1(9)_22:2(13,16))",0.7065000000000001
22948,11.996,796.58631,PE 18:1_22:2,[M-H]-,0.99,C45H84NO8P,CCCCCCCC\C=C/CCCCCCCC(=O)OCC(COP(O)(=O)OCCN)OC(=O)CCCCCCCCCCC\C=C/C\C=C/CCCCC,0.0,24640.0,0.0,0.0,11580.0,0.0,22390.0,6825.0,21180.0,0.0,0.0,0.0,3757.0,13880.0,0.0,16620.0,0.0,7978.0,PE(18:1_22:2),"PE(18:1(9)_22:2(13,16))","PE(18:1(9)_22:2(13,16))","PE(18:1(9)_22:2(13,16))",0.6669999999999996
23185,12.087,796.58738,PE 18:1_22:2,[M-H]-,0.99,C45H84NO8P,CCCCCCCC\C=C/CCCCCCCC(=O)OCC(COP(O)(=O)OCCN)OC(=O)CCCCCCCCCCC\C=C/C\C=C/CCCCC,0.0,0.0,0.0,0.0,0.0,0.0,0.0,0.0,0.0,0.0,0.0,0.0,0.0,0.0,0.0,0.0,2613.0,0.0,PE(18:1_22:2),"PE(18:1(9)_22:2(13,16))","PE(18:1(9)_22:2(13,16))","PE(18:1(9)_22:2(13,16))",0.6185714285714285
34957,26.851,1403.99361,CL 16:0_18:1_16:0_18:1,[M-H]-,0.72,C77H146O17P2,CCCCCCCCCCCCCCCC(=O)OC(COC(=O)CCCCCCC\C=C/CCCCCCCC)COP(O)(=O)OCC(O)COP(O)(=O)OCC(COC(=O)CCCCCCC\C=C/CCCCCCCC)OC(=O)CCCCCCCCCCCCCCC,0.0,40290.0,44790.0,306600.0,0.0,0.0,0.0,34120.0,0.0,26050.0,41230.0,204400.0,0.0,258800.0,0.0,0.0,53180.0,0.0,CL(16:0_18:1_16:0_18:1),CL(16:0_18:1(11)_16:0_18:1(11)),CL(16:0_18:1(11)_16:0_18:1(11)),CL(16:0_18:1(9)_16:0_18:1(9)),0.5439999999999987
35342,26.998,1403.99388,CL 16:0_18:1_16:0_18:1,[M-H]-,0.71,C77H146O17P2,CCCCCCCCCCCCCCCC(=O)OC(COC(=O)CCCCCCC\C=C/CCCCCCCC)COP(O)(=O)OCC(O)COP(O)(=O)OCC(COC(=O)CCCCCCC\C=C/CCCCCCCC)OC(=O)CCCCCCCCCCCCCCC,115600.0,177600.0,237200.0,0.0,187800.0,200500.0,0.0,157200.0,209000.0,118600.0,0.0,0.0,0.0,0.0,260900.0,210500.0,165800.0,191300.0,CL(16:0_18:1_16:0_18:1),CL(16:0_18:1(11)_16:0_18:1(11)),CL(16:0_18:1(11)_16:0_18:1(11)),CL(16:0_18:1(9)_16:0_18:1(9)),0.7038333333333343
35807,27.101,834.52922,PS 18:0_22:6,[M-H]-,0.7,C46H78NO10P,CCCCCCCCCCCCCCCCCC(=O)OCC(COP(O)(=O)OCC(N)C(O)=O)OC(=O)CC\C=C/C\C=C/C\C=C/C\C=C/C\C=C/C\C=C/CC,0.0,0.0,0.0,0.0,0.0,0.0,0.0,0.0,0.0,0.0,0.0,0.0,0.0,0.0,14940.0,0.0,0.0,0.0,PS(18:0_22:6),"PS(18:0_22:6(4,7,10,13,16,19))","PS(18:0_22:6(4,7,10,13,16,19))","PS(18:0_22:6(4,7,10,13,16,19))",0.24569230769230763
35848,27.116,758.49699,PS 16:1_18:1,[M-H]-,0.73,C40H74NO10P,CCCCCCCC\C=C/CCCCCCCC(=O)OC(COC(=O)CCCCCCC\C=C/CCCCCC)COP(O)(=O)OCC(N)C(O)=O,0.0,55610.0,0.0,0.0,17300.0,0.0,0.0,9655.0,53410.0,0.0,14620.0,7830.0,0.0,0.0,7427.0,12350.0,22330.0,0.0,PS(16:1_18:1),PS(16:1(9)_18:1(9)),PS(16:1(9)_18:1(9)),PS(16:1(9)_18:1(9)),0.22760000000000033
35850,27.117,788.54433,PS 18:0_18:1,[M-H]-,0.88,C42H80NO10P,CCCCCCCCCCCCCCCCCC(=O)OCC(COP(O)(=O)OCC(N)C(O)=O)OC(=O)CCCCCCC\C=C/CCCCCCCC,75920.0,0.0,167000.0,0.0,105600.0,75810.0,0.0,0.0,0.0,0.0,148400.0,171800.0,0.0,0.0,192700.0,0.0,0.0,0.0,PS(18:0_18:1),PS(18:0_18:1(9)),PS(18:0_18:1(9)),PS(18:0_18:1(9)),0.4410000000000001
35855,27.119,760.51302,PS 16:0_18:1,[M-H]-,0.84,C40H76NO10P,CCCCCCCCCCCCCCCC(=O)OCC(COP(O)(=O)OCC(N)C(O)=O)OC(=O)CCCCCCC\C=C/CCCCCCCC,0.0,0.0,123800.0,0.0,129100.0,141400.0,182700.0,0.0,0.0,135100.0,106200.0,169300.0,169700.0,0.0,0.0,151600.0,167800.0,0.0,PS(16:0_18:1),PS(16:0_18:1(9)),PS(16:0_18:1(9)),PS(16:0_18:1(11)),0.34800000000000014
35933,27.141,786.5287,PS 18:1_18:1,[M-H]-,0.92,C42H78NO10P,CCCCCCCC\C=C/CCCCCCCC(=O)OCC(COP(O)(=O)OCC(N)C(O)=O)OC(=O)CCCCCCC\C=C/CCCCCCCC,42560.0,77690.0,104700.0,51490.0,68430.0,142700.0,98400.0,77800.0,112600.0,53220.0,83050.0,105700.0,133000.0,113400.0,85380.0,108800.0,79240.0,91170.0,PS(18:1_18:1),PS(18:1(9)_18:1(9)),PS(18:1(9)_18:1(9)),PS(18:1(9)_18:1(9)),0.3911666666666669
36048,27.184,760.51297,PS 16:0_18:1,[M-H]-,0.84,C40H76NO10P,CCCCCCCCCCCCCCCC(=O)OCC(COP(O)(=O)OCC(N)C(O)=O)OC(=O)CCCCCCC\C=C/CCCCCCCC,83820.0,141700.0,0.0,91570.0,0.0,0.0,0.0,107700.0,133500.0,0.0,0.0,0.0,0.0,155400.0,156900.0,0.0,0.0,102200.0,PS(16:0_18:1),PS(16:0_18:1(9)),PS(16:0_18:1(9)),PS(16:0_18:1(11)),0.34800000000000014
36072,27.195,788.5442,PS 18:0_18:1,[M-H]-,0.88,C42H80NO10P,CCCCCCCCCCCCCCCCCC(=O)OCC(COP(O)(=O)OCC(N)C(O)=O)OC(=O)CCCCCCC\C=C/CCCCCCCC,0.0,112700.0,0.0,182300.0,0.0,0.0,76920.0,198500.0,120200.0,231600.0,0.0,0.0,220300.0,295500.0,0.0,234900.0,318000.0,198200.0,PS(18:0_18:1),PS(18:0_18:1(9)),PS(18:0_18:1(9)),PS(18:0_18:1(9)),0.42066666666666624
36096,27.204,732.48182,PS 16:0_16:1,[M-H]-,0.88,C38H72NO10P,CCCCCCCCCCCCCCCC(=O)OCC(COP(O)(=O)OCC(N)C(O)=O)OC(=O)CCCCCCC\C=C/CCCCCC,0.0,30020.0,0.0,0.0,0.0,40780.0,0.0,0.0,0.0,0.0,0.0,8759.0,0.0,0.0,0.0,20710.0,0.0,0.0,PS(16:0_16:1),PS(16:0_16:1(9)),PS(16:0_16:1(9)),PS(16:0_16:1(9)),0.02666666666666669
36104,27.207,758.49714,PS 16:1_18:1,[M-H]-,0.86,C40H74NO10P,CCCCCCCC\C=C/CCCCCCCC(=O)OC(COC(=O)CCCCCCC\C=C/CCCCCC)COP(O)(=O)OCC(N)C(O)=O,0.0,0.0,3270.0,2266.0,19530.0,45120.0,40810.0,13200.0,0.0,0.0,0.0,0.0,10710.0,0.0,0.0,11880.0,0.0,0.0,PS(16:1_18:1),PS(16:1(9)_18:1(9)),PS(16:1(9)_18:1(9)),PS(16:1(9)_18:1(9)),0.22560000000000002
